Date,Product,Category,Region,Quantity,Revenue,Cost,Discount,Marketing Spend,Customer Type,Operating Cost,Profit
2024-01-01 00:00:00.000000000,Laptop,Electronics,South,1,72403.23,45802.39,8,30488.93,New,20556.17,6254.54
2024-01-01 21:55:38.673341677,Tablet,Electronics,West,10,244506.97,186052.08,15,29790.89,Corporate,19425.22,41573.22
2024-01-02 19:51:17.346683354,Smartwatch,Wearables,East,16,128404.49,89290.8,20,42284.61,Returning,3427.3,33629.8
2024-01-03 17:46:56.020025031,Headphones,Accessories,East,28,127630.06,71034.11,8,36973.97,New,9008.93,44634.87
2024-01-04 15:42:34.693366708,Headphones,Accessories,East,23,99736.47,62644.61,0,6196.0,Returning,13303.43,21872.7
2024-01-05 13:38:13.366708385,Monitor,Electronics,West,24,345784.1,270978.14,25,7225.66,Returning,16101.98,59003.12
2024-01-06 11:33:52.040050062,Laptop,Electronics,South,17,1063985.67,767212.73,5,32070.13,Returning,23222.89,272887.6
2024-01-07 09:29:30.713391739,Tablet,Electronics,West,4,101218.47,75320.77,12,26878.64,New,11263.33,16765.2
2024-01-08 07:25:09.386733416,Smartphone,Electronics,East,12,331075.86,244413.71,5,16708.31,New,22250.51,68325.83
2024-01-09 05:20:48.060075093,Laptop,Electronics,West,30,1922836.17,1365499.29,5,23839.52,New,6595.44,547813.92
2024-01-10 03:16:26.733416771,Smartwatch,Wearables,East,2,17893.77,11334.15,20,39105.96,New,11168.17,-6810.39
2024-01-11 01:12:05.406758448,Monitor,Electronics,North,27,464112.31,315227.28,5,42197.52,Returning,4150.2,140426.11
2024-01-11 23:07:44.080100125,Tablet,Electronics,East,21,486815.13,410386.77,15,30255.04,New,19334.76,63184.71
2024-01-12 21:03:22.753441802,Tablet,Electronics,West,9,216987.69,180665.8,15,22341.63,Returning,6314.36,30921.53
2024-01-13 18:59:01.426783479,Tablet,Electronics,North,24,672477.76,468435.35,0,17181.35,Returning,8654.44,196827.37
2024-01-14 16:54:40.100125156,Tablet,Electronics,West,26,706665.71,512091.77,5,28486.33,New,20055.13,170498.19
2024-01-15 14:50:18.773466833,Smartwatch,Wearables,North,2,17099.0,11009.9,20,19163.73,Corporate,14763.77,-8678.18
2024-01-16 12:45:57.446808510,Laptop,Electronics,West,4,222763.07,180830.3,12,30384.28,Returning,3307.4,40153.11
2024-01-17 10:41:36.120150187,Monitor,Electronics,West,20,375991.28,233337.08,0,35449.36,New,3049.17,138846.76
2024-01-18 08:37:14.793491864,Headphones,Accessories,North,30,102742.23,81935.33,25,7973.56,Returning,14234.53,9799.48
2024-01-19 06:32:53.466833542,Smartwatch,Wearables,East,1,9333.61,5647.97,8,5048.04,New,9709.02,912.11
2024-01-20 04:28:32.140175219,Headphones,Accessories,North,20,89401.1,51038.61,0,14552.47,Corporate,6966.85,28554.45
2024-01-21 02:24:10.813516896,Smartphone,Electronics,East,5,110981.52,104484.61,25,45253.02,Returning,16499.07,-13068.42
2024-01-22 00:19:49.486858573,Monitor,Electronics,West,20,360838.07,245571.79,0,34083.08,Returning,8025.6,104607.41
2024-01-22 22:15:28.160200250,Tablet,Electronics,North,19,473766.05,373263.23,12,12738.22,Corporate,16028.56,89292.86
2024-01-23 20:11:06.833541927,Smartwatch,Wearables,North,3,31319.2,16841.53,25,45061.88,Corporate,11343.85,6260.88
2024-01-24 18:06:45.506883604,Headphones,Accessories,South,21,92651.94,56921.08,12,26148.02,Corporate,7108.42,28215.87
2024-01-25 16:02:24.180225281,Tablet,Electronics,South,27,664359.74,530635.14,12,26424.13,New,6038.3,127795.97
2024-01-26 13:58:02.853566958,Smartwatch,Wearables,North,26,225967.27,147150.72,10,47099.39,New,8210.93,68155.98
2024-01-27 11:53:41.526908635,Headphones,Accessories,South,1,6271.99,2529.03,5,7676.9,Returning,3656.31,2756.74
2024-01-28 09:49:20.200250313,Headphones,Accessories,South,8,31996.12,20058.14,12,14683.02,Returning,9778.79,1019.48
2024-01-29 07:44:58.873591990,Smartphone,Electronics,North,8,188147.33,175814.39,25,31359.71,Returning,22843.0,-11290.29
2024-01-30 05:40:37.546933667,Laptop,Electronics,South,14,901988.23,661677.2,0,13796.89,Returning,21289.97,220847.43
2024-01-31 03:36:16.220275344,Smartwatch,Wearables,North,5,43153.95,27664.76,25,35578.72,New,11184.08,3741.12
2024-02-01 01:31:54.893617021,Monitor,Electronics,West,26,405306.66,311629.68,10,14634.15,New,15668.34,77303.75
2024-02-01 23:27:33.566958698,Laptop,Electronics,West,24,1443047.19,1073982.72,12,9462.06,Returning,15481.93,353614.27
2024-02-02 21:23:12.240300375,Monitor,Electronics,South,25,461544.7,306567.18,5,14314.33,New,21232.23,136131.36
2024-02-03 19:18:50.913642052,Tablet,Electronics,West,6,143132.32,112635.36,12,24023.03,Returning,8198.38,27238.06
2024-02-04 17:14:29.586983729,Smartphone,Electronics,South,1,31443.06,21639.55,5,12926.22,Returning,9520.52,2039.45
2024-02-05 15:10:08.260325406,Smartwatch,Wearables,West,28,243929.27,156777.13,8,11061.14,Returning,9639.28,79922.81
2024-02-06 13:05:46.933667084,Laptop,Electronics,North,9,498493.01,411789.21,15,43712.68,Returning,3899.14,82205.1
2024-02-07 11:01:25.607008761,Tablet,Electronics,South,20,591767.73,368247.31,0,19417.87,Returning,9923.13,211473.89
2024-02-08 08:57:04.280350438,Tablet,Electronics,East,28,729715.1,558045.32,10,21234.14,Returning,22314.1,151317.63
2024-02-09 06:52:42.953692115,Headphones,Accessories,North,2,9591.18,5051.11,12,7487.17,New,23063.73,-18009.94
2024-02-10 04:48:21.627033792,Laptop,Electronics,West,1,69516.96,44702.45,5,21081.63,Returning,5411.98,15134.65
2024-02-11 02:44:00.300375469,Monitor,Electronics,South,1,19344.96,12183.98,8,16916.32,Returning,13077.29,-6900.51
2024-02-12 00:39:38.973717146,Headphones,Accessories,South,5,25504.9,12854.31,8,32471.83,New,11389.68,1012.22
2024-02-12 22:35:17.647058823,Monitor,Electronics,South,2,32714.45,23497.06,15,14242.56,Returning,13765.9,-6079.88
2024-02-13 20:30:56.320400500,Tablet,Electronics,West,25,515687.22,470783.36,25,44976.45,Corporate,15203.83,34145.24
2024-02-14 18:26:34.993742177,Tablet,Electronics,North,19,428311.14,380264.72,20,46835.0,New,3445.69,46040.24
2024-02-15 16:22:13.667083854,Tablet,Electronics,West,30,862131.08,567853.22,5,9492.4,Returning,21529.33,276868.06
2024-02-16 14:17:52.340425532,Smartphone,Electronics,West,25,708535.75,509785.11,0,9833.13,Corporate,24420.61,175120.31
2024-02-17 12:13:31.013767209,Headphones,Accessories,West,29,133617.3,74246.21,0,10189.69,Corporate,17374.91,42240.35
2024-02-18 10:09:09.687108886,Headphones,Accessories,West,8,38914.47,20260.18,12,32880.62,Returning,17529.95,-1685.45
2024-02-19 08:04:48.360450563,Headphones,Accessories,West,9,40550.2,23061.67,5,10488.6,Returning,14615.56,2908.76
2024-02-20 06:00:27.033792240,Laptop,Electronics,East,26,1629497.24,1166051.68,5,43357.2,Corporate,10354.02,453130.7
2024-02-21 03:56:05.707133917,Smartwatch,Wearables,South,8,71072.32,43115.68,20,38942.22,Returning,6277.51,17577.79
2024-02-22 01:51:44.380475594,Laptop,Electronics,South,2,112480.09,92823.61,20,41891.4,New,15849.39,2188.5
2024-02-22 23:47:23.053817271,Tablet,Electronics,West,21,457953.46,421115.73,20,28672.72,New,3988.71,31879.17
2024-02-23 21:43:01.727158949,Tablet,Electronics,South,25,619573.54,461617.14,8,49850.47,Returning,21139.06,138057.78
2024-02-24 19:38:40.400500626,Monitor,Electronics,East,30,510862.66,346159.73,12,6987.88,Returning,12260.06,153826.92
2024-02-25 17:34:19.073842303,Tablet,Electronics,North,28,678926.99,563049.87,12,23056.92,New,12124.59,102008.57
2024-02-26 15:29:57.747183980,Headphones,Accessories,South,4,20482.46,10847.18,5,19577.15,New,10197.76,844.14
2024-02-27 13:25:36.420525657,Monitor,Electronics,South,24,367940.99,290236.5,12,47689.05,Returning,24325.79,52832.46
2024-02-28 11:21:15.093867334,Headphones,Accessories,South,26,108553.67,66098.85,12,30958.74,Returning,6848.17,26997.78
2024-02-29 09:16:53.767209011,Smartphone,Electronics,East,21,611962.16,437463.65,10,41278.59,Corporate,6328.77,166715.64
2024-03-01 07:12:32.440550688,Monitor,Electronics,East,25,366027.83,288423.26,20,12665.35,Returning,6641.69,74199.84
2024-03-02 05:08:11.113892365,Headphones,Accessories,South,26,117370.21,65339.6,15,49038.54,Corporate,17487.6,29497.59
2024-03-03 03:03:49.787234042,Laptop,Electronics,North,14,789621.97,647337.49,12,27438.78,Corporate,24821.7,117800.86
2024-03-04 00:59:28.460575719,Headphones,Accessories,East,2,10650.05,5259.58,15,27215.24,New,8180.45,1965.8
2024-03-04 22:55:07.133917397,Tablet,Electronics,North,14,343441.56,266691.46,20,48689.81,Returning,22923.58,51544.68
2024-03-05 20:50:45.807259074,Smartphone,Electronics,West,7,189548.69,148629.12,12,22132.96,New,9129.56,31796.45
2024-03-06 18:46:24.480600751,Headphones,Accessories,West,4,18595.98,10227.29,8,22888.63,Corporate,17253.8,-12797.16
2024-03-07 16:42:03.153942428,Laptop,Electronics,North,4,225125.69,184314.32,20,31313.87,New,3890.98,41802.09
2024-03-08 14:37:41.827284105,Tablet,Electronics,South,21,498424.62,417513.21,15,10762.37,Returning,13904.39,66757.02
2024-03-09 12:33:20.500625782,Headphones,Accessories,North,16,57560.43,43339.84,25,19448.85,Corporate,17400.54,-3040.07
2024-03-10 10:28:59.173967459,Smartphone,Electronics,South,17,523789.28,350646.62,5,13694.37,New,14799.04,162406.53
2024-03-11 08:24:37.847309136,Smartphone,Electronics,North,23,601691.97,486454.21,10,9647.76,Corporate,8232.38,108989.82
2024-03-12 06:20:16.520650813,Smartwatch,Wearables,West,17,121757.71,92755.65,25,43976.51,New,21226.93,5148.25
2024-03-13 04:15:55.193992490,Tablet,Electronics,North,19,445265.01,350683.81,12,31519.9,Returning,24343.0,68296.36
2024-03-14 02:11:33.867334168,Monitor,Electronics,East,3,43090.14,36487.72,25,21140.28,Returning,13102.31,-5015.1
2024-03-15 00:07:12.540675845,Headphones,Accessories,East,26,116035.72,65627.43,0,23390.12,New,16990.22,31545.71
2024-03-15 22:02:51.214017522,Laptop,Electronics,North,14,947162.71,650332.68,0,24418.36,Returning,20389.09,270089.2
2024-03-16 19:58:29.887359199,Tablet,Electronics,West,5,113676.55,96474.86,20,33491.71,Corporate,8312.76,8729.21
2024-03-17 17:54:08.560700876,Smartwatch,Wearables,North,25,223929.08,135098.38,8,46704.62,New,22017.91,62372.15
2024-03-18 15:49:47.234042553,Tablet,Electronics,West,23,560402.69,426343.66,12,46975.08,Returning,9164.42,129743.46
2024-03-19 13:45:25.907384230,Laptop,Electronics,East,2,118169.78,92177.4,10,22617.14,Corporate,20068.28,6454.47
2024-03-20 11:41:04.580725907,Smartphone,Electronics,East,6,165904.82,131698.8,10,19816.81,Returning,5466.18,26024.31
2024-03-21 09:36:43.254067584,Tablet,Electronics,West,1,24924.94,19542.44,25,25297.09,New,9344.51,-6057.91
2024-03-22 07:32:21.927409261,Tablet,Electronics,South,9,257169.44,171817.96,0,30557.04,Corporate,14739.64,64943.64
2024-03-23 05:28:00.600750938,Headphones,Accessories,South,3,14032.11,7468.97,20,25781.81,New,14548.29,-11283.53
2024-03-24 03:23:39.274092616,Tablet,Electronics,North,22,499691.08,429302.02,25,34643.9,Returning,21709.49,51728.55
2024-03-25 01:19:17.947434293,Monitor,Electronics,West,16,256408.22,182329.63,15,29947.96,Returning,24914.8,55859.15
2024-03-25 23:14:56.620775970,Headphones,Accessories,South,30,122162.34,78633.12,10,19432.2,Returning,5358.64,40349.77
2024-03-26 21:10:35.294117647,Monitor,Electronics,West,23,425375.5,280124.3,5,20557.89,New,8970.54,136004.54
2024-03-27 19:06:13.967459324,Smartphone,Electronics,South,19,481265.42,395951.06,15,22036.68,New,10867.16,73151.32
2024-03-28 17:01:52.640801001,Smartphone,Electronics,West,16,411167.89,329260.23,10,9258.79,Returning,13536.2,65501.97
2024-03-29 14:57:31.314142678,Tablet,Electronics,West,2,55447.99,36891.09,5,12472.82,New,13866.01,10870.18
2024-03-30 12:53:09.987484355,Smartwatch,Wearables,South,3,32212.66,15944.48,8,37540.12,Returning,21836.29,-6134.36
2024-03-31 10:48:48.660826032,Laptop,Electronics,South,19,905740.23,882977.96,25,22509.35,Returning,19952.3,9156.86
2024-04-01 08:44:27.334167709,Tablet,Electronics,West,1,29499.51,20060.62,8,14654.25,Returning,3414.73,10204.71
2024-04-02 06:40:06.007509386,Smartphone,Electronics,North,2,63302.53,40925.06,5,30320.26,New,13010.48,4144.6
2024-04-03 04:35:44.680851064,Tablet,Electronics,North,7,180489.05,136241.53,15,38999.28,New,16597.62,25652.04
2024-04-04 02:31:23.354192741,Laptop,Electronics,South,27,1790868.7,1286888.88,5,16584.01,Corporate,13128.7,488843.97
2024-04-05 00:27:02.027534418,Tablet,Electronics,East,14,308745.65,258601.33,25,42205.54,Returning,5874.2,44030.59
2024-04-05 22:22:40.700876095,Tablet,Electronics,North,22,522979.33,410295.38,20,46737.72,New,11744.43,100758.57
2024-04-06 20:18:19.374217772,Tablet,Electronics,South,13,293253.46,246922.35,25,31882.75,New,12056.43,43263.41
2024-04-07 18:13:58.047559449,Smartwatch,Wearables,West,6,47613.88,34049.47,25,35102.64,New,7129.75,3202.97
2024-04-08 16:09:36.720901126,Headphones,Accessories,North,12,52771.07,31129.06,5,7365.92,Corporate,19638.76,2690.16
2024-04-09 14:05:15.394242803,Tablet,Electronics,North,3,86985.98,59317.39,5,47548.4,New,10070.81,19447.29
2024-04-10 12:00:54.067584480,Smartphone,Electronics,South,24,676260.26,522526.93,8,22661.81,New,15957.72,137770.89
2024-04-11 09:56:32.740926157,Tablet,Electronics,North,6,159463.05,118915.05,10,46575.52,Returning,14346.06,26532.48
2024-04-12 07:52:11.414267834,Smartwatch,Wearables,North,12,84575.69,70256.09,25,31053.99,New,22303.4,-11118.22
2024-04-13 05:47:50.087609512,Headphones,Accessories,North,30,118936.9,80291.65,15,5207.85,New,5684.33,33280.38
2024-04-14 03:43:28.760951189,Smartwatch,Wearables,North,18,130998.25,103977.29,15,6734.39,Corporate,5513.79,23041.37
2024-04-15 01:39:07.434292866,Smartwatch,Wearables,West,14,105769.02,80716.45,25,35618.85,Returning,9607.03,16428.34
2024-04-15 23:34:46.107634542,Laptop,Electronics,North,17,922197.54,813919.94,15,30320.06,New,12486.73,97501.47
2024-04-16 21:30:24.780976220,Laptop,Electronics,East,24,1329213.77,1157098.38,10,6193.96,Returning,9567.93,166785.28
2024-04-17 19:26:03.454317898,Smartphone,Electronics,East,8,210424.15,175302.68,10,38455.7,New,19790.12,18142.26
2024-04-18 17:21:42.127659574,Laptop,Electronics,East,20,1124318.27,933679.41,12,43346.54,New,8395.85,182456.89
2024-04-19 15:17:20.801001252,Headphones,Accessories,East,27,127067.44,71444.51,0,27338.79,Returning,4865.04,47242.62
2024-04-20 13:12:59.474342928,Tablet,Electronics,South,18,407298.57,348279.54,15,25959.08,Returning,12103.6,45115.42
2024-04-21 11:08:38.147684606,Smartwatch,Wearables,West,14,105556.25,80862.3,15,5246.29,Returning,20014.34,4020.71
2024-04-22 09:04:16.821026282,Headphones,Accessories,North,5,27981.01,12960.42,15,40399.24,Corporate,21712.36,-5934.74
2024-04-23 06:59:55.494367960,Monitor,Electronics,North,8,128060.61,98078.68,12,19882.22,New,19133.59,9413.34
2024-04-24 04:55:34.167709636,Smartwatch,Wearables,West,29,217240.02,166664.16,20,44544.36,Corporate,15273.51,32495.16
2024-04-25 02:51:12.841051314,Laptop,Electronics,North,17,823517.71,832347.66,25,21787.73,Returning,18932.22,-31326.76
2024-04-26 00:46:51.514392990,Tablet,Electronics,North,10,249550.2,188349.15,12,30428.51,New,17990.57,38256.94
2024-04-26 22:42:30.187734668,Smartwatch,Wearables,North,13,103275.06,74060.58,10,17165.38,Corporate,8156.07,20353.57
2024-04-27 20:38:08.861076346,Smartwatch,Wearables,North,18,155779.36,103020.5,0,12226.47,New,15116.7,33233.17
2024-04-28 18:33:47.534418022,Smartwatch,Wearables,North,17,127245.52,98998.54,20,39870.86,Returning,19953.41,5292.0
2024-04-29 16:29:26.207759700,Smartwatch,Wearables,East,21,152131.0,121948.08,25,27346.57,Returning,9976.65,19024.56
2024-04-30 14:25:04.881101376,Laptop,Electronics,East,8,482987.68,377152.81,15,29141.96,New,17387.41,84439.71
2024-05-01 12:20:43.554443054,Smartwatch,Wearables,North,20,167468.03,112483.35,20,48443.72,Corporate,13592.57,42531.37
2024-05-02 10:16:22.227784730,Tablet,Electronics,West,14,328207.11,261480.89,20,48361.1,New,14069.49,54877.4
2024-05-03 08:12:00.901126408,Smartphone,Electronics,North,29,714516.26,637925.23,20,43503.9,Corporate,4981.21,69961.54
2024-05-04 06:07:39.574468084,Smartwatch,Wearables,East,5,41176.86,27216.5,12,13442.42,New,17656.78,-5007.5
2024-05-05 04:03:18.247809762,Laptop,Electronics,West,5,344433.72,239258.83,0,31742.27,New,22045.11,84742.06
2024-05-06 01:58:56.921151438,Headphones,Accessories,East,14,72594.81,37620.83,0,44516.63,New,6111.49,26720.5
2024-05-06 23:54:35.594493116,Headphones,Accessories,South,16,74614.73,41514.52,5,21850.88,Corporate,11054.32,19697.69
2024-05-07 21:50:14.267834794,Monitor,Electronics,North,21,365278.48,242274.86,10,9549.78,New,4070.68,122522.43
2024-05-08 19:45:52.941176470,Smartphone,Electronics,North,13,337763.79,264508.62,15,41493.33,Corporate,3651.9,72255.83
2024-05-09 17:41:31.614518148,Smartphone,Electronics,West,28,798822.12,608961.96,10,26679.36,New,24772.49,166892.32
2024-05-10 15:37:10.287859824,Headphones,Accessories,South,15,75135.52,39192.11,0,30397.67,Returning,13856.37,24863.97
2024-05-11 13:32:48.961201502,Monitor,Electronics,North,4,74959.9,45572.33,5,49196.49,New,10821.42,12634.31
2024-05-12 11:28:27.634543178,Monitor,Electronics,East,4,63721.65,48551.28,25,32324.51,New,9047.3,10184.58
2024-05-13 09:24:06.307884856,Laptop,Electronics,East,30,1398044.03,1368924.02,25,24124.07,Corporate,24560.28,5735.92
2024-05-14 07:19:44.981226532,Smartphone,Electronics,North,5,151313.36,108952.14,10,21649.3,Returning,8549.52,36844.05
2024-05-15 05:15:23.654568210,Tablet,Electronics,North,29,687595.67,549610.69,20,23792.87,Returning,18965.58,120180.88
2024-05-16 03:11:02.327909886,Laptop,Electronics,North,9,476748.85,408575.41,15,10327.96,Returning,9242.68,59077.54
2024-05-17 01:06:41.001251564,Monitor,Electronics,North,3,47119.28,34160.44,25,40763.78,Returning,4550.77,7582.15
2024-05-17 23:02:19.674593242,Smartphone,Electronics,East,10,223478.87,210242.15,25,42697.26,Returning,18032.09,-3693.93
2024-05-18 20:57:58.347934918,Monitor,Electronics,North,19,306909.48,224608.05,15,17797.87,Corporate,3035.88,78330.31
2024-05-19 18:53:37.021276596,Smartphone,Electronics,East,13,374491.62,279860.82,10,18670.85,Returning,17866.47,79367.96
2024-05-20 16:49:15.694618272,Headphones,Accessories,North,24,103061.75,62418.27,15,44345.04,Returning,8508.29,27375.82
2024-05-21 14:44:54.367959950,Smartwatch,Wearables,West,19,167769.8,104364.14,8,6078.67,Returning,19414.29,42366.64
2024-05-22 12:40:33.041301626,Laptop,Electronics,East,13,745143.83,593899.09,8,28420.58,Returning,19934.5,137444.72
2024-05-23 10:36:11.714643304,Smartwatch,Wearables,South,20,157662.52,109124.12,12,25865.41,Returning,18930.36,27729.8
2024-05-24 08:31:50.387984980,Smartwatch,Wearables,South,30,242514.75,174562.17,12,36055.7,Returning,3538.64,63697.89
2024-05-25 06:27:29.061326658,Tablet,Electronics,North,13,306498.19,242748.11,12,12352.63,Returning,18482.21,42620.13
2024-05-26 04:23:07.734668336,Monitor,Electronics,North,5,90323.03,62299.77,10,35074.88,Returning,24783.2,4247.6
2024-05-27 02:18:46.408010012,Smartwatch,Wearables,East,13,109345.06,71284.47,10,21953.03,Corporate,8337.76,27514.04
2024-05-28 00:14:25.081351690,Headphones,Accessories,North,26,120359.06,65066.82,0,32842.17,Corporate,9033.25,45702.16
2024-05-28 22:10:03.754693366,Headphones,Accessories,East,7,29192.84,17810.86,12,6804.28,Corporate,20897.58,-6969.01
2024-05-29 20:05:42.428035044,Headphones,Accessories,South,29,125991.95,72347.64,12,25777.72,Returning,6528.73,45019.29
2024-05-30 18:01:21.101376720,Tablet,Electronics,North,18,375571.48,357846.08,25,28501.29,Returning,17532.84,2558.4
2024-05-31 15:56:59.774718398,Smartphone,Electronics,East,19,536669.28,399500.86,12,14644.69,New,19610.58,120024.53
2024-06-01 13:52:38.448060074,Smartphone,Electronics,East,10,271669.68,206576.72,10,11283.06,Returning,3817.53,64440.3
2024-06-02 11:48:17.121401752,Headphones,Accessories,East,28,127117.9,74264.26,0,13481.34,New,15182.77,38092.5
2024-06-03 09:43:55.794743428,Laptop,Electronics,North,2,127578.17,94822.85,5,20486.35,New,15669.3,26809.8
2024-06-04 07:39:34.468085106,Laptop,Electronics,East,9,539197.65,439727.41,8,9356.46,Corporate,9675.74,92958.1
2024-06-05 05:35:13.141426784,Laptop,Electronics,West,13,753234.93,636463.09,10,47629.39,Corporate,22279.58,95466.89
2024-06-06 03:30:51.814768460,Tablet,Electronics,South,15,393326.81,295036.22,8,23224.73,Returning,6580.49,89082.33
2024-06-07 01:26:30.488110138,Tablet,Electronics,West,15,375199.71,299010.31,10,41403.63,New,11012.28,64885.94
2024-06-07 23:22:09.161451814,Tablet,Electronics,East,5,120623.94,99424.83,20,48848.77,Returning,21670.71,3807.39
2024-06-08 21:17:47.834793492,Headphones,Accessories,South,7,32778.2,18254.11,5,8633.09,Returning,7194.14,12458.55
2024-06-09 19:13:26.508135168,Tablet,Electronics,West,3,85037.54,59145.04,8,34325.13,Corporate,21070.23,9257.25
2024-06-10 17:09:05.181476846,Laptop,Electronics,West,18,1183718.66,806872.54,5,44213.41,Corporate,4739.52,374462.17
2024-06-11 15:04:43.854818522,Monitor,Electronics,North,11,185935.36,134051.82,8,33540.55,New,13763.04,34353.52
2024-06-12 13:00:22.528160200,Smartwatch,Wearables,West,17,146588.32,99240.95,15,24306.18,New,4657.27,44151.58
2024-06-13 10:56:01.201501876,Monitor,Electronics,North,18,345589.04,204965.1,0,24398.44,New,17913.88,118985.85
2024-06-14 08:51:39.874843554,Laptop,Electronics,North,22,1415908.81,1064206.48,8,6615.45,New,20393.23,326846.68
2024-06-15 06:47:18.548185232,Headphones,Accessories,North,17,84370.44,46291.13,0,29057.03,New,21696.89,17099.89
2024-06-16 04:42:57.221526908,Tablet,Electronics,South,20,414153.93,375819.94,25,49709.43,New,24587.77,15315.82
2024-06-17 02:38:35.894868586,Headphones,Accessories,West,18,75246.6,47096.56,15,48141.84,New,17784.35,13075.82
2024-06-18 00:34:14.568210262,Headphones,Accessories,East,20,83415.47,54433.42,5,6817.97,New,19919.36,10554.09
2024-06-18 22:29:53.241551940,Laptop,Electronics,East,19,1241375.35,930123.3,5,36760.87,New,14126.68,298720.13
2024-06-19 20:25:31.914893616,Headphones,Accessories,North,10,49877.77,25128.77,0,18579.42,Returning,23080.21,-1285.18
2024-06-20 18:21:10.588235294,Smartphone,Electronics,East,8,217033.55,165463.27,10,45634.51,New,17162.68,34092.66
2024-06-21 16:16:49.261576970,Smartphone,Electronics,South,24,617964.13,513986.49,20,7030.16,Corporate,22438.13,77018.16
2024-06-22 14:12:27.934918648,Tablet,Electronics,South,11,271312.05,206602.56,12,47114.33,New,8179.94,50519.44
2024-06-23 12:08:06.608260324,Smartwatch,Wearables,South,17,128208.72,93197.77,25,42686.41,New,13928.23,23304.64
2024-06-24 10:03:45.281602002,Smartwatch,Wearables,North,6,53379.85,31883.98,8,10287.7,New,19056.02,180.48
2024-06-25 07:59:23.954943680,Headphones,Accessories,West,13,52647.94,32754.4,8,7692.1,Returning,7459.88,15051.16
2024-06-26 05:55:02.628285356,Monitor,Electronics,East,16,274391.74,191264.76,10,42561.84,New,7649.48,78802.55
2024-06-27 03:50:41.301627034,Laptop,Electronics,South,19,1239207.55,902812.77,5,12009.1,Returning,24516.94,310019.89
2024-06-28 01:46:19.974968710,Headphones,Accessories,North,16,57986.43,42381.86,25,29070.42,New,12561.43,4814.08
2024-06-28 23:41:58.648310388,Laptop,Electronics,West,11,693769.16,529130.0,5,46208.52,Corporate,6999.94,155655.75
2024-06-29 21:37:37.321652064,Headphones,Accessories,South,29,123688.24,75048.77,10,30535.17,New,10292.21,32809.64
2024-06-30 19:33:15.994993742,Monitor,Electronics,South,16,264491.5,185774.51,12,22875.5,Returning,11742.28,67344.64
2024-07-01 17:28:54.668335418,Headphones,Accessories,East,25,114272.11,62089.16,0,25025.72,Corporate,16707.88,34062.45
2024-07-02 15:24:33.341677096,Monitor,Electronics,North,23,400839.95,265223.95,10,7840.27,New,23306.32,110989.41
2024-07-03 13:20:12.015018772,Headphones,Accessories,East,17,80582.36,43537.56,10,48593.85,New,24704.98,18265.84
2024-07-04 11:15:50.688360450,Tablet,Electronics,West,27,676626.09,504853.98,8,18979.44,Corporate,17337.37,149857.17
2024-07-05 09:11:29.361702128,Headphones,Accessories,South,4,18428.49,9939.03,5,13521.36,New,18398.29,-8760.22
2024-07-06 07:07:08.035043804,Smartphone,Electronics,North,28,863261.18,567857.92,0,17872.13,New,10080.24,282338.6
2024-07-07 05:02:46.708385482,Tablet,Electronics,North,26,768055.27,510663.51,0,48396.79,Returning,21857.49,238259.05
2024-07-08 02:58:25.381727158,Monitor,Electronics,North,16,260840.12,192543.16,10,9242.87,New,7791.56,61400.69
2024-07-09 00:54:04.055068836,Smartphone,Electronics,East,23,668800.71,504043.52,0,44028.64,Corporate,5340.37,160554.85
2024-07-09 22:49:42.728410512,Tablet,Electronics,South,16,329958.69,318336.98,25,36852.98,Returning,24411.63,-15624.58
2024-07-10 20:45:21.401752190,Smartphone,Electronics,North,9,283727.88,190280.59,5,42350.86,Returning,22011.05,69139.47
2024-07-11 18:41:00.075093866,Tablet,Electronics,East,24,586933.25,446874.21,15,48915.39,New,9680.19,133160.59
2024-07-12 16:36:38.748435544,Tablet,Electronics,North,8,213062.03,155550.29,15,42896.96,Returning,17853.76,44970.37
2024-07-13 14:32:17.421777220,Headphones,Accessories,South,10,52176.43,24955.76,10,47452.21,Returning,13274.4,15387.18
2024-07-14 12:27:56.095118898,Tablet,Electronics,West,16,360895.8,306983.51,25,10712.09,New,10108.82,41111.21
2024-07-15 10:23:34.768460576,Smartphone,Electronics,North,26,752650.85,540008.12,0,40810.49,Corporate,9309.03,204350.51
2024-07-16 08:19:13.441802252,Laptop,Electronics,North,12,716928.47,557546.02,5,29555.41,Returning,5992.6,160672.26
2024-07-17 06:14:52.115143930,Laptop,Electronics,South,15,963408.36,686543.78,8,29457.3,Returning,15085.0,262086.85
2024-07-18 04:10:30.788485606,Headphones,Accessories,East,2,16681.21,5317.0,5,45451.47,New,12825.13,2924.6
2024-07-19 02:06:09.461827284,Monitor,Electronics,North,4,72344.45,49140.17,8,48731.17,New,14268.1,6715.19
2024-07-20 00:01:48.135168960,Laptop,Electronics,West,2,124930.5,96113.32,8,36717.72,Returning,7737.86,20953.07
2024-07-20 21:57:26.808510638,Headphones,Accessories,North,3,17478.17,7930.03,20,26732.23,Returning,23649.43,-12242.6
2024-07-21 19:53:05.481852314,Tablet,Electronics,West,27,699287.7,523640.22,8,25538.17,New,17049.01,159790.46
2024-07-22 17:48:44.155193992,Smartphone,Electronics,East,26,570258.44,520397.2,25,22385.37,New,22791.21,24770.87
2024-07-23 15:44:22.828535668,Tablet,Electronics,North,25,600296.36,493767.71,20,21271.96,Corporate,5403.97,98696.13
2024-07-24 13:40:01.501877346,Smartphone,Electronics,North,2,46796.75,42188.93,25,22617.81,New,16702.72,-9130.05
2024-07-25 11:35:40.175219024,Tablet,Electronics,North,3,88640.45,56631.22,0,9038.9,New,21688.16,13895.73
2024-07-26 09:31:18.848560700,Smartwatch,Wearables,South,9,59983.43,49355.42,25,8484.62,Returning,10280.26,4884.19
2024-07-27 07:26:57.521902378,Smartwatch,Wearables,South,17,136132.14,98992.17,12,40094.14,New,7293.15,35258.62
2024-07-28 05:22:36.195244056,Smartphone,Electronics,East,11,259704.57,233872.77,25,25073.28,New,8830.47,17405.19
2024-07-29 03:18:14.868585732,Headphones,Accessories,South,15,73415.77,39055.7,8,46880.8,New,9004.54,24421.93
2024-07-30 01:13:53.541927408,Monitor,Electronics,East,6,87247.52,72141.93,25,32549.95,Corporate,12838.38,6320.19
2024-07-30 23:09:32.215269084,Laptop,Electronics,South,22,1200452.84,1020718.91,12,6582.92,New,10171.2,171701.94
2024-07-31 21:05:10.888610764,Tablet,Electronics,South,10,302199.35,192623.92,0,12088.55,Returning,8968.03,97660.03
2024-08-01 19:00:49.561952440,Headphones,Accessories,South,2,12699.64,5110.54,10,14261.89,Corporate,17267.27,-12779.08
2024-08-02 16:56:28.235294116,Tablet,Electronics,South,23,661943.64,441687.32,5,48908.12,Returning,4166.71,217565.4
2024-08-03 14:52:06.908635796,Smartwatch,Wearables,West,28,184588.98,159139.69,25,14841.69,Returning,10488.0,14429.46
2024-08-04 12:47:45.581977472,Headphones,Accessories,North,1,6926.19,2489.92,8,28209.01,Returning,18174.54,-13817.57
2024-08-05 10:43:24.255319148,Smartphone,Electronics,South,14,402085.73,302673.81,5,47127.96,New,6868.69,95760.83
2024-08-06 08:39:02.928660824,Smartwatch,Wearables,West,25,212132.75,136472.56,12,48973.67,Returning,7860.41,70076.89
2024-08-07 06:34:41.602002504,Laptop,Electronics,East,22,1266020.86,1048396.36,10,15636.22,Corporate,7414.67,214199.46
2024-08-08 04:30:20.275344180,Smartwatch,Wearables,North,26,224000.16,147150.66,0,7210.29,Returning,3020.37,68034.52
2024-08-09 02:25:58.948685856,Laptop,Electronics,West,13,673363.75,617685.89,20,11912.08,Returning,13422.89,43015.16
2024-08-10 00:21:37.622027532,Smartwatch,Wearables,North,12,85782.38,67684.03,20,7849.78,New,3857.09,16325.32
2024-08-10 22:17:16.295369212,Smartwatch,Wearables,North,22,170738.89,128395.93,15,13780.59,Corporate,9004.68,28758.52
2024-08-11 20:12:54.968710888,Laptop,Electronics,South,5,285751.5,234195.25,12,30585.64,New,24885.68,24705.88
2024-08-12 18:08:33.642052564,Tablet,Electronics,East,8,205748.36,158150.72,10,46060.2,Corporate,23204.72,21871.46
2024-08-13 16:04:12.315394244,Headphones,Accessories,North,19,83996.27,50608.82,12,29174.85,New,7731.67,25720.87
2024-08-14 13:59:50.988735920,Tablet,Electronics,West,21,523923.37,395019.85,12,33169.53,Returning,9820.05,123967.03
2024-08-15 11:55:29.662077596,Laptop,Electronics,North,4,246232.23,183143.49,5,14084.03,Corporate,13201.5,55955.01
2024-08-16 09:51:08.335419272,Smartphone,Electronics,West,16,498455.52,333446.97,0,41026.26,Returning,21577.1,140988.58
2024-08-17 07:46:47.008760952,Headphones,Accessories,North,11,51648.63,28071.77,8,32800.5,New,20658.21,4498.32
2024-08-18 05:42:25.682102628,Smartphone,Electronics,South,16,439074.13,331522.57,10,43886.16,Corporate,5777.31,103450.64
2024-08-19 03:38:04.355444304,Smartphone,Electronics,East,29,857129.63,602359.5,5,47697.94,New,5737.87,250195.13
2024-08-20 01:33:43.028785980,Smartwatch,Wearables,South,3,33636.8,16913.87,0,20655.53,New,12168.11,5751.76
2024-08-20 23:29:21.702127660,Laptop,Electronics,East,30,1582207.56,1364672.56,20,9076.06,Returning,22142.1,196304.13
2024-08-21 21:25:00.375469336,Tablet,Electronics,East,14,388326.23,278710.49,8,15166.8,Returning,22405.87,92272.59
2024-08-22 19:20:39.048811012,Laptop,Electronics,East,24,1446189.12,1116184.08,12,24702.87,Returning,5362.05,327950.39
2024-08-23 17:16:17.722152692,Smartphone,Electronics,South,13,332235.28,278630.46,12,47556.21,New,15634.54,34789.82
2024-08-24 15:11:56.395494368,Smartwatch,Wearables,West,10,79896.89,53464.45,15,22023.94,Returning,6424.85,22394.75
2024-08-25 13:07:35.068836044,Tablet,Electronics,East,24,601484.16,462287.36,15,39684.79,Corporate,18094.84,123779.08
2024-08-26 11:03:13.742177720,Smartphone,Electronics,South,21,630413.33,420194.48,8,29321.45,New,23161.53,188002.22
2024-08-27 08:58:52.415519400,Smartphone,Electronics,East,5,122470.07,106847.05,20,13226.39,Returning,13004.92,6012.36
2024-08-28 06:54:31.088861076,Monitor,Electronics,West,22,352567.74,257275.21,8,19433.04,Returning,4827.82,91028.93
2024-08-29 04:50:09.762202752,Monitor,Electronics,West,23,343398.71,285515.38,20,34393.63,Corporate,15743.59,42741.14
2024-08-30 02:45:48.435544428,Smartwatch,Wearables,East,12,99765.18,65782.34,10,35278.4,Returning,11987.37,22359.2
2024-08-31 00:41:27.108886108,Headphones,Accessories,West,28,136166.02,73546.29,0,24564.19,Corporate,20839.77,35725.22
2024-08-31 22:37:05.782227784,Headphones,Accessories,West,20,74882.64,50933.56,20,15289.05,New,10487.58,13220.3
2024-09-01 20:32:44.455569460,Smartwatch,Wearables,South,11,112320.46,62117.25,0,37485.81,New,22247.74,25950.72
2024-09-02 18:28:23.128911140,Smartwatch,Wearables,East,1,10034.3,5561.61,20,12599.29,Corporate,9021.41,-8108.07
2024-09-03 16:24:01.802252816,Smartphone,Electronics,North,21,652541.53,435294.71,0,47150.14,Corporate,6465.39,215083.49
2024-09-04 14:19:40.475594492,Laptop,Electronics,South,7,447316.62,317892.86,5,13455.66,Returning,9742.57,121193.81
2024-09-05 12:15:19.148936168,Laptop,Electronics,West,23,1378230.32,1034584.16,12,9829.06,Returning,3768.15,339788.52
2024-09-06 10:10:57.822277848,Monitor,Electronics,South,16,235219.51,182854.66,25,27394.15,Returning,9187.41,41483.03
2024-09-07 08:06:36.495619524,Headphones,Accessories,West,15,72267.19,41103.74,10,28379.73,New,17522.59,14529.37
2024-09-08 06:02:15.168961200,Headphones,Accessories,South,5,29105.93,12935.57,0,27868.68,Corporate,6130.23,13014.44
2024-09-09 03:57:53.842302876,Headphones,Accessories,North,22,99859.19,54560.08,5,24650.04,Corporate,5450.03,37368.18
2024-09-10 01:53:32.515644556,Tablet,Electronics,North,5,112936.9,100975.29,25,49766.67,Returning,5912.48,6034.65
2024-09-10 23:49:11.188986232,Laptop,Electronics,East,13,767628.61,579195.58,15,26882.63,New,4706.14,186331.1
2024-09-11 21:44:49.862327908,Laptop,Electronics,South,26,1746078.75,1206893.56,0,26507.6,New,22241.98,511135.2
2024-09-12 19:40:28.535669588,Smartphone,Electronics,East,28,758578.75,600787.68,10,23979.47,New,23770.53,133847.83
2024-09-13 17:36:07.209011264,Headphones,Accessories,North,30,121001.89,81546.31,8,8007.16,Returning,4024.35,34143.36
2024-09-14 15:31:45.882352940,Tablet,Electronics,South,29,769075.32,572207.59,5,31683.05,Returning,19721.58,176744.66
2024-09-15 13:27:24.555694616,Headphones,Accessories,North,17,67466.96,44208.61,20,15258.55,New,19217.34,2536.13
2024-09-16 11:23:03.229036296,Headphones,Accessories,South,7,35346.79,19136.81,12,33692.4,Returning,24932.01,-8309.15
2024-09-17 09:18:41.902377972,Monitor,Electronics,West,26,424938.7,294650.5,5,7287.51,Corporate,10653.15,125405.93
2024-09-18 07:14:20.575719648,Laptop,Electronics,North,25,1477032.02,1226966.39,15,49162.42,New,9281.2,239812.66
2024-09-19 05:09:59.249061324,Smartwatch,Wearables,East,30,259397.3,173248.81,10,26105.23,Returning,12967.81,74055.81
2024-09-20 03:05:37.922403004,Smartwatch,Wearables,North,20,183730.27,116386.86,0,45353.99,Returning,21844.65,51482.99
2024-09-21 01:01:16.595744680,Headphones,Accessories,East,5,27356.56,12729.98,10,26400.25,New,19029.06,-6052.53
2024-09-21 22:56:55.269086356,Tablet,Electronics,West,16,460105.15,298067.66,5,7714.89,Returning,13375.72,154105.79
2024-09-22 20:52:33.942428036,Smartphone,Electronics,South,14,426513.96,298801.47,5,41999.61,Returning,8380.38,119348.08
2024-09-23 18:48:12.615769712,Monitor,Electronics,North,26,369168.28,309369.87,25,34168.27,New,18994.35,46149.75
2024-09-24 16:43:51.289111388,Smartphone,Electronics,East,12,312587.91,252583.83,15,40179.07,New,21799.59,40455.09
2024-09-25 14:39:29.962453064,Smartwatch,Wearables,South,10,88636.61,58169.38,5,24267.64,Corporate,11798.93,19589.63
2024-09-26 12:35:08.635794744,Smartwatch,Wearables,West,3,24114.27,16941.02,20,33707.15,New,17708.88,-10732.51
2024-09-27 10:30:47.309136420,Monitor,Electronics,West,26,434212.64,303044.14,12,43530.31,Returning,11804.66,117491.71
2024-09-28 08:26:25.982478096,Headphones,Accessories,East,23,84279.17,59430.1,20,33397.94,Returning,13526.86,11549.59
2024-09-29 06:22:04.655819772,Smartphone,Electronics,East,2,51103.22,40460.68,15,20645.31,Corporate,14548.03,-1213.41
2024-09-30 04:17:43.329161452,Laptop,Electronics,East,14,877135.3,635040.42,8,34813.83,Returning,20065.97,221989.58
2024-10-01 02:13:22.002503128,Headphones,Accessories,East,15,73967.11,37753.72,12,35233.44,Corporate,24505.13,10758.39
2024-10-02 00:09:00.675844804,Tablet,Electronics,South,15,393276.01,298792.24,12,48226.41,Returning,12776.06,80955.37
2024-10-02 22:04:39.349186484,Laptop,Electronics,West,28,1562658.93,1337246.62,15,21691.05,Returning,10530.93,217858.81
2024-10-03 20:00:18.022528160,Monitor,Electronics,South,5,92272.44,59580.25,5,24128.68,New,11219.0,25148.67
2024-10-04 17:55:56.695869836,Smartwatch,Wearables,North,10,92367.93,55098.97,8,41545.53,New,5945.56,29321.95
2024-10-05 15:51:35.369211512,Laptop,Electronics,East,6,371638.36,285531.32,5,27759.3,Returning,9532.65,74568.63
2024-10-06 13:47:14.042553192,Smartphone,Electronics,East,8,230022.68,173256.81,8,38145.79,New,4901.84,53002.1
2024-10-07 11:42:52.715894868,Smartwatch,Wearables,West,28,245376.09,162196.39,5,25686.93,Returning,12413.67,75348.63
2024-10-08 09:38:31.389236544,Smartphone,Electronics,South,29,892675.35,611863.29,0,14697.28,New,6681.86,277568.17
2024-10-09 07:34:10.062578220,Laptop,Electronics,South,2,114989.5,96594.12,25,38534.17,New,10620.95,4018.87
2024-10-10 05:29:48.735919900,Smartwatch,Wearables,East,19,186308.75,106139.87,0,10901.98,New,20458.71,58917.95
2024-10-11 03:25:27.409261576,Tablet,Electronics,South,7,141905.43,134895.54,25,13936.26,Returning,8410.41,-4192.33
2024-10-12 01:21:06.082603252,Laptop,Electronics,West,6,395647.56,291061.33,0,33207.12,Returning,16461.68,87322.02
2024-10-12 23:16:44.755944932,Smartphone,Electronics,South,9,217438.62,186852.47,20,38627.14,Corporate,22825.99,12573.39
2024-10-13 21:12:23.429286608,Smartphone,Electronics,West,6,172438.9,124688.5,8,45260.95,Returning,15472.44,28010.16
2024-10-14 19:08:02.102628284,Smartwatch,Wearables,South,15,120363.9,82067.11,12,17266.39,Corporate,7263.44,26176.76
2024-10-15 17:03:40.775969960,Tablet,Electronics,North,30,746632.21,580683.95,8,9982.59,Returning,10584.86,152877.74
2024-10-16 14:59:19.449311640,Tablet,Electronics,West,18,486175.02,349319.7,10,48022.1,New,15988.12,121729.13
2024-10-17 12:54:58.122653316,Monitor,Electronics,East,22,361620.43,265553.81,10,11949.04,Corporate,14145.45,83783.44
2024-10-18 10:50:36.795994992,Tablet,Electronics,East,15,397137.16,287785.96,12,13895.01,New,6269.64,104393.91
2024-10-19 08:46:15.469336672,Smartphone,Electronics,East,1,27901.59,20407.46,10,18109.83,Returning,12829.52,-1808.33
2024-10-20 06:41:54.142678348,Laptop,Electronics,South,3,167711.34,145550.46,12,28822.61,Returning,14947.47,1924.15
2024-10-21 04:37:32.816020024,Smartwatch,Wearables,West,9,72006.4,49446.62,20,44727.15,New,8881.32,17243.47
2024-10-22 02:33:11.489361700,Monitor,Electronics,South,8,130766.0,99059.65,10,39224.57,Returning,16473.8,14296.26
2024-10-23 00:28:50.162703380,Monitor,Electronics,West,26,425654.07,299840.73,8,36867.09,New,4543.52,123464.3
2024-10-23 22:24:28.836045056,Smartphone,Electronics,South,26,800616.35,549279.14,5,12883.13,New,10405.35,236961.58
2024-10-24 20:20:07.509386732,Smartphone,Electronics,North,26,699932.16,547999.18,8,21095.72,New,20694.09,131253.76
2024-10-25 18:15:46.182728408,Laptop,Electronics,North,20,1198491.16,966761.44,5,26528.22,New,8704.27,223734.27
2024-10-26 16:11:24.856070088,Laptop,Electronics,West,17,1073836.47,766867.02,5,11634.17,New,16313.89,294122.81
2024-10-27 14:07:03.529411764,Smartwatch,Wearables,East,20,141309.48,116174.9,25,17304.34,Returning,12020.65,8358.16
2024-10-28 12:02:42.202753440,Smartwatch,Wearables,South,13,122986.23,72767.98,0,18874.99,Returning,9962.12,40348.39
2024-10-29 09:58:20.876095120,Headphones,Accessories,West,21,87438.84,55281.97,10,10727.43,Returning,23154.9,5746.27
2024-10-30 07:53:59.549436796,Smartphone,Electronics,East,24,611671.39,504512.38,20,29760.79,Returning,10551.76,98123.74
2024-10-31 05:49:38.222778472,Tablet,Electronics,East,23,467378.98,423742.8,25,36726.27,New,8206.87,37760.96
2024-11-01 03:45:16.896120148,Headphones,Accessories,East,19,83213.05,49575.57,5,8146.92,New,23004.63,14494.36
2024-11-02 01:40:55.569461828,Tablet,Electronics,North,2,61866.73,37726.36,5,26650.54,Returning,19410.78,3124.51
2024-11-02 23:36:34.242803504,Monitor,Electronics,North,22,397543.08,257248.5,8,40199.5,Corporate,17999.59,125076.67
2024-11-03 21:32:12.916145180,Smartphone,Electronics,East,11,292306.57,234444.25,12,38659.56,Returning,4089.77,57855.26
2024-11-04 19:27:51.589486856,Smartphone,Electronics,North,23,538227.03,482888.77,25,41678.29,New,5886.51,44522.01
2024-11-05 17:23:30.262828536,Monitor,Electronics,East,17,280484.5,193744.64,5,25170.83,Returning,17043.48,71533.42
2024-11-06 15:19:08.936170212,Smartwatch,Wearables,North,27,229239.54,144227.44,5,41925.07,Corporate,7607.52,80280.11
2024-11-07 13:14:47.609511888,Smartphone,Electronics,South,11,290453.97,223738.69,8,15833.89,Returning,7964.04,57975.06
2024-11-08 11:10:26.282853568,Smartwatch,Wearables,East,28,216401.73,151410.39,20,21236.48,New,20141.05,41217.97
2024-11-09 09:06:04.956195244,Smartwatch,Wearables,East,26,230855.16,146651.23,0,12936.0,New,9290.35,77742.45
2024-11-10 07:01:43.629536920,Monitor,Electronics,West,10,175604.75,114972.44,10,26036.8,Returning,4574.92,52458.87
2024-11-11 04:57:22.302878596,Smartphone,Electronics,East,15,432343.34,327024.16,0,22642.7,Corporate,3801.5,100982.62
2024-11-12 02:53:00.976220276,Monitor,Electronics,North,16,294136.19,184563.13,5,15841.72,Returning,12749.92,96702.77
2024-11-13 00:48:39.649561952,Monitor,Electronics,West,24,351869.88,273462.34,25,38830.13,New,16576.83,63977.32
2024-11-13 22:44:18.322903628,Smartphone,Electronics,North,21,605239.01,457570.4,0,19123.1,Returning,22115.48,123673.24
2024-11-14 20:39:56.996245304,Laptop,Electronics,North,26,1469045.79,1191895.46,8,17276.19,Corporate,5437.7,269658.88
2024-11-15 18:35:35.669586984,Smartwatch,Wearables,West,12,77869.12,66460.63,25,10890.06,Returning,7326.8,4378.43
2024-11-16 16:31:14.342928660,Laptop,Electronics,North,16,975098.98,783171.9,12,24746.98,Corporate,14655.61,180290.64
2024-11-17 14:26:53.016270336,Smartphone,Electronics,East,13,382596.87,285131.28,0,18633.41,New,11010.38,93317.56
2024-11-18 12:22:31.689612016,Headphones,Accessories,South,28,117997.3,74650.61,10,21617.28,New,13615.82,25208.42
2024-11-19 10:18:10.362953692,Monitor,Electronics,West,10,137099.5,113678.99,25,15619.88,Returning,23330.74,1035.79
2024-11-20 08:13:49.036295368,Monitor,Electronics,North,18,313125.07,215835.99,10,39342.0,Returning,14987.62,79041.86
2024-11-21 06:09:27.709637044,Laptop,Electronics,North,4,236075.49,196355.54,12,46850.15,Corporate,12132.65,30643.74
2024-11-22 04:05:06.382978724,Monitor,Electronics,South,26,419049.16,322684.35,12,27406.93,Returning,24767.68,68781.5
2024-11-23 02:00:45.056320400,Laptop,Electronics,South,12,724638.06,539473.1,15,33934.93,New,4434.74,178706.27
2024-11-23 23:56:23.729662076,Tablet,Electronics,West,11,288344.11,210309.1,5,44022.75,New,23506.5,52760.7
2024-11-24 21:52:02.403003752,Monitor,Electronics,East,18,288599.28,209895.44,20,49947.33,Returning,14036.56,64438.68
2024-11-25 19:47:41.076345432,Monitor,Electronics,North,15,201367.19,171601.75,25,32608.24,New,14082.64,16652.39
2024-11-26 17:43:19.749687108,Smartphone,Electronics,West,26,751879.58,556635.99,5,45040.08,Returning,23283.22,173411.48
2024-11-27 15:38:58.423028784,Monitor,Electronics,South,16,256315.55,185781.31,20,45887.37,New,14161.13,56355.81
2024-11-28 13:34:37.096370464,Laptop,Electronics,West,16,868506.03,737183.55,20,40615.32,New,12644.96,114687.85
2024-11-29 11:30:15.769712140,Smartwatch,Wearables,West,4,37829.37,21405.68,15,25741.91,Returning,8994.75,9612.29
2024-11-30 09:25:54.443053816,Headphones,Accessories,North,1,5075.86,2609.47,8,8651.93,New,17493.97,-15186.46
2024-12-01 07:21:33.116395492,Smartphone,Electronics,East,12,324333.06,243385.83,10,5711.25,Returning,15532.19,68900.24
2024-12-02 05:17:11.789737172,Laptop,Electronics,South,30,1549514.49,1394465.5,20,26474.03,Returning,7715.6,145210.18
2024-12-03 03:12:50.463078848,Tablet,Electronics,South,28,760500.17,521666.24,5,27244.15,Returning,18607.08,215420.02
2024-12-04 01:08:29.136420524,Headphones,Accessories,South,19,75659.12,51840.64,20,23331.31,Returning,17169.91,6546.49
2024-12-04 23:04:07.809762200,Smartwatch,Wearables,East,19,133589.39,102256.1,25,30567.53,Returning,11741.35,23479.8
2024-12-05 20:59:46.483103880,Headphones,Accessories,South,12,52336.62,31388.55,15,29847.32,Corporate,3096.82,18334.07
2024-12-06 18:55:25.156445556,Headphones,Accessories,North,6,36884.76,15185.47,8,42647.59,New,12824.79,8275.49
2024-12-07 16:51:03.829787232,Monitor,Electronics,South,1,18029.13,11376.72,12,9889.57,New,3133.28,908.1
2024-12-08 14:46:42.503128912,Laptop,Electronics,North,11,688744.05,499474.85,0,15132.99,Returning,4649.97,189892.54
2024-12-09 12:42:21.176470588,Tablet,Electronics,West,10,234163.25,184598.24,25,40685.22,Returning,12473.42,34002.79
2024-12-10 10:37:59.849812264,Tablet,Electronics,East,6,165777.93,111739.89,8,43152.66,Returning,4802.24,47059.62
2024-12-11 08:33:38.523153940,Headphones,Accessories,South,8,39534.43,20866.39,0,49767.09,Returning,9064.64,11313.49
2024-12-12 06:29:17.196495620,Smartphone,Electronics,South,1,33811.64,21318.81,20,44281.04,Returning,17420.81,-10496.04
2024-12-13 04:24:55.869837296,Laptop,Electronics,North,19,1124288.5,852506.26,15,45045.46,New,9789.54,265816.48
2024-12-14 02:20:34.543178972,Monitor,Electronics,South,28,434557.97,330678.04,12,19145.66,Returning,24948.27,80804.24
2024-12-15 00:16:13.216520648,Monitor,Electronics,West,21,367865.57,251506.95,0,23074.77,New,23158.64,95897.67
2024-12-15 22:11:51.889862328,Smartphone,Electronics,North,14,318544.8,286186.23,20,17063.83,Returning,15876.82,18156.1
2024-12-16 20:07:30.563204004,Laptop,Electronics,North,13,683507.11,600617.25,15,32283.47,Returning,24272.84,58133.65
2024-12-17 18:03:09.236545680,Laptop,Electronics,West,10,549777.61,447961.87,20,47246.24,Returning,22096.38,76529.91
2024-12-18 15:58:47.909887360,Laptop,Electronics,East,5,285366.5,227451.07,20,20508.84,New,10015.77,47479.44
2024-12-19 13:54:26.583229036,Tablet,Electronics,North,18,461282.62,346603.8,5,30065.08,Corporate,19491.12,92261.99
2024-12-20 11:50:05.256570712,Monitor,Electronics,South,17,306061.77,211864.97,5,18333.48,Returning,6010.3,89644.97
2024-12-21 09:45:43.929912388,Laptop,Electronics,East,1,48308.49,49122.52,25,12641.0,Returning,18060.13,-16453.83
2024-12-22 07:41:22.603254068,Tablet,Electronics,South,13,329570.84,263206.18,12,13783.35,Corporate,13803.8,56991.29
2024-12-23 05:37:01.276595744,Smartphone,Electronics,South,9,254943.3,187546.33,10,7607.54,Returning,3370.17,65142.1
2024-12-24 03:32:39.949937420,Headphones,Accessories,East,6,34652.34,15003.35,8,47718.21,Returning,9033.06,13389.67
2024-12-25 01:28:18.623279096,Smartwatch,Wearables,East,22,164010.38,120594.19,15,23129.58,New,24018.41,18506.35
2024-12-25 23:23:57.296620776,Tablet,Electronics,West,16,376525.32,301012.23,20,42535.44,New,9948.29,64129.96
2024-12-26 21:19:35.969962452,Monitor,Electronics,North,20,394692.3,226055.65,0,35659.83,New,6992.0,163065.67
2024-12-27 19:15:14.643304128,Laptop,Electronics,South,22,1231159.33,987925.25,12,13636.45,New,7125.69,234948.96
2024-12-28 17:10:53.316645808,Smartphone,Electronics,North,30,653939.2,627051.09,25,12895.8,Returning,13542.69,14152.98
2024-12-29 15:06:31.989987484,Smartphone,Electronics,East,25,666007.13,516582.28,8,41539.47,New,21538.28,124702.99
2024-12-30 13:02:10.663329160,Smartphone,Electronics,East,19,538543.56,386246.11,8,16912.03,Returning,19676.04,129976.52
2024-12-31 10:57:49.336670836,Monitor,Electronics,South,27,384697.15,327691.62,25,46097.83,New,12610.74,46301.01
2025-01-01 08:53:28.010012516,Tablet,Electronics,East,15,444601.63,285659.21,0,11302.49,New,7591.99,154010.49
2025-01-02 06:49:06.683354192,Smartphone,Electronics,South,30,856856.06,652167.67,10,35496.89,Corporate,4013.43,197717.99
2025-01-03 04:44:45.356695868,Monitor,Electronics,North,23,406377.28,266162.46,10,41651.32,Returning,13177.87,129048.8
2025-01-04 02:40:24.030037544,Headphones,Accessories,East,20,80254.45,52400.41,20,15586.54,Corporate,20925.06,5330.77
2025-01-05 00:36:02.703379224,Smartwatch,Wearables,South,28,236518.91,151304.99,5,17429.33,Returning,19053.0,66210.43
2025-01-05 22:31:41.376720900,Headphones,Accessories,South,16,70830.26,41740.38,10,48403.35,New,11989.22,21351.5
2025-01-06 20:27:20.050062576,Laptop,Electronics,South,22,1335457.05,993817.95,5,16906.89,Returning,16083.46,327978.1
2025-01-07 18:22:58.723404256,Monitor,Electronics,West,9,130775.59,103301.6,20,24348.07,Returning,12597.42,17264.19
2025-01-08 16:18:37.396745932,Laptop,Electronics,North,29,1718076.95,1372430.96,15,24463.2,New,15738.35,335634.01
2025-01-09 14:14:16.070087608,Smartphone,Electronics,South,19,533985.06,389575.06,10,16386.56,Corporate,14385.12,127913.24
2025-01-10 12:09:54.743429284,Smartphone,Electronics,East,24,707123.53,487487.31,10,39910.6,Returning,17981.27,198697.33
2025-01-11 10:05:33.416770964,Smartphone,Electronics,North,14,408605.06,306635.19,5,39733.22,Returning,14169.59,85633.91
2025-01-12 08:01:12.090112640,Laptop,Electronics,North,27,1341113.55,1205853.89,25,22024.31,Returning,23693.44,110802.71
2025-01-13 05:56:50.763454316,Laptop,Electronics,East,3,172613.65,141314.68,15,42580.66,Returning,12416.62,11818.7
2025-01-14 03:52:29.436795992,Tablet,Electronics,East,4,102046.25,77652.98,8,14588.37,New,3350.16,20420.82
2025-01-15 01:48:08.110137672,Monitor,Electronics,East,16,253125.37,185339.57,10,5193.76,Corporate,8200.22,57951.87
2025-01-15 23:43:46.783479348,Laptop,Electronics,North,22,1235507.92,1024737.38,15,30702.53,Returning,14013.35,199108.47
2025-01-16 21:39:25.456821024,Smartphone,Electronics,West,25,613027.44,503356.23,15,49733.5,New,14892.58,95835.88
2025-01-17 19:35:04.130162704,Smartwatch,Wearables,South,14,122503.37,79848.56,10,6738.99,New,15152.47,25700.25
2025-01-18 17:30:42.803504380,Monitor,Electronics,North,20,319294.0,230987.52,8,14359.91,Returning,18720.15,71356.22
2025-01-19 15:26:21.476846056,Tablet,Electronics,South,17,398977.03,318369.55,15,28351.16,Corporate,9042.26,73735.01
2025-01-20 13:22:00.150187732,Tablet,Electronics,North,29,733183.58,549908.01,15,41447.33,Corporate,17627.88,163342.05
2025-01-21 11:17:38.823529412,Smartwatch,Wearables,South,20,153199.26,116090.45,12,9006.89,Returning,18488.71,17141.03
2025-01-22 09:13:17.496871088,Headphones,Accessories,South,13,65275.3,34935.91,0,22785.56,Corporate,12048.18,11615.12
2025-01-23 07:08:56.170212764,Smartphone,Electronics,South,30,853795.78,658154.21,10,38618.41,Returning,11847.72,180521.87
2025-01-24 05:04:34.843554440,Monitor,Electronics,South,4,65280.62,48242.13,12,21719.44,New,6936.35,7874.74
2025-01-25 03:00:13.516896120,Tablet,Electronics,West,30,655096.64,589042.93,25,13497.64,Returning,12107.72,54168.49
2025-01-26 00:55:52.190237796,Laptop,Electronics,West,5,297298.53,233532.73,12,13797.31,New,20309.96,40619.7
2025-01-26 22:51:30.863579472,Tablet,Electronics,South,9,247124.45,180925.38,8,23452.2,New,22997.41,41661.3
2025-01-27 20:47:09.536921152,Laptop,Electronics,West,25,1514997.62,1171272.63,12,26573.77,Returning,16059.49,323989.52
2025-01-28 18:42:48.210262828,Tablet,Electronics,West,23,641980.11,437919.45,5,43781.65,New,9586.15,194987.86
2025-01-29 16:38:26.883604504,Tablet,Electronics,West,30,865438.71,587736.14,0,33901.36,Corporate,18010.37,260969.35
2025-01-30 14:34:05.556946180,Laptop,Electronics,North,23,1256200.52,1081366.46,15,36068.09,Corporate,19283.22,156757.94
2025-01-31 12:29:44.230287860,Headphones,Accessories,South,20,76580.06,50237.38,25,49234.42,New,10308.68,16071.08
2025-02-01 10:25:22.903629536,Laptop,Electronics,South,11,617291.42,509277.5,20,23532.95,Returning,21184.05,82206.65
2025-02-02 08:21:01.576971212,Smartwatch,Wearables,North,1,14829.04,5475.84,12,23150.95,Returning,4621.31,2872.04
2025-02-03 06:16:40.250312888,Monitor,Electronics,North,4,81683.78,49168.15,0,46550.61,New,3236.58,28057.13
2025-02-04 04:12:18.923654568,Laptop,Electronics,East,9,442023.26,416096.85,25,16064.4,New,5705.36,19011.17
2025-02-05 02:07:57.596996244,Headphones,Accessories,South,2,14693.22,5387.85,10,37841.69,New,6432.18,3098.13
2025-02-06 00:03:36.270337920,Monitor,Electronics,West,16,296964.26,188984.94,8,38955.79,New,22336.44,89919.51
2025-02-06 21:59:14.943679600,Smartphone,Electronics,East,24,521723.91,516776.43,25,9400.46,New,12349.6,-4965.83
2025-02-07 19:54:53.617021276,Laptop,Electronics,North,29,1558917.16,1307700.46,15,26070.41,New,9048.5,239205.64
2025-02-08 17:50:32.290362952,Headphones,Accessories,West,15,60509.37,40812.51,15,14025.31,New,12439.65,9292.42
2025-02-09 15:46:10.963704628,Smartwatch,Wearables,South,27,226853.29,150367.12,8,13341.89,Corporate,11686.5,66720.58
2025-02-10 13:41:49.637046308,Smartwatch,Wearables,East,30,212019.36,163379.02,25,25872.26,New,9632.16,36589.97
2025-02-11 11:37:28.310387984,Smartphone,Electronics,West,26,667751.05,531885.33,10,18024.34,New,6033.79,132378.52
2025-02-12 09:33:06.983729660,Monitor,Electronics,East,14,231635.2,162412.77,12,40822.72,Returning,17430.14,51311.17
2025-02-13 07:28:45.657071336,Smartwatch,Wearables,North,10,86203.59,55056.32,20,45842.22,New,6005.3,20912.11
2025-02-14 05:24:24.330413016,Smartphone,Electronics,North,30,789772.91,643703.73,15,41122.43,Returning,20059.34,127375.45
2025-02-15 03:20:03.003754692,Monitor,Electronics,South,8,146175.46,99313.03,5,16971.39,New,7437.14,40076.18
2025-02-16 01:15:41.677096368,Monitor,Electronics,North,13,227720.95,157050.61,8,17336.05,Returning,19090.17,50897.14
2025-02-16 23:11:20.350438048,Headphones,Accessories,North,3,15328.62,7866.93,8,16462.78,Returning,20722.89,-13373.56
2025-02-17 21:06:59.023779724,Laptop,Electronics,West,24,1231432.75,1117426.51,25,11076.71,Returning,5757.17,106091.81
2025-02-18 19:02:37.697121400,Smartwatch,Wearables,North,20,162303.7,115262.65,15,47470.93,Returning,4908.41,43963.03
2025-02-19 16:58:16.370463076,Smartwatch,Wearables,North,3,31241.27,17325.33,8,23092.15,Returning,23890.6,-10105.0
2025-02-20 14:53:55.043804756,Laptop,Electronics,East,7,398185.17,320819.91,15,15111.03,New,13187.03,64677.57
2025-02-21 12:49:33.717146432,Smartwatch,Wearables,North,17,131060.87,99161.14,15,43100.2,New,16865.18,16105.97
2025-02-22 10:45:12.390488112,Monitor,Electronics,South,17,274300.56,199841.75,10,22963.79,Returning,3511.73,67483.33
2025-02-23 08:40:51.063829784,Laptop,Electronics,West,25,1483449.69,1205109.13,10,6580.26,New,9131.62,266526.08
2025-02-24 06:36:29.737171464,Tablet,Electronics,East,8,179876.32,161775.17,25,12287.37,New,14118.75,-2647.43
2025-02-25 04:32:08.410513144,Laptop,Electronics,West,28,1665841.33,1337087.36,12,33766.27,Returning,22496.8,307951.4
2025-02-26 02:27:47.083854816,Tablet,Electronics,South,14,359370.12,261325.62,5,40230.74,New,8971.67,85436.2
2025-02-27 00:23:25.757196496,Headphones,Accessories,East,25,100648.57,65812.04,15,14492.05,New,20054.21,15180.02
2025-02-27 22:19:04.430538168,Laptop,Electronics,North,8,452112.86,360127.02,12,46282.8,Returning,17568.68,75530.12
2025-02-28 20:14:43.103879848,Monitor,Electronics,South,2,39339.13,24447.0,12,43294.87,New,5535.96,11163.23
2025-03-01 18:10:21.777221528,Laptop,Electronics,North,2,122618.41,91553.11,15,43177.13,Corporate,9454.25,17999.0
2025-03-02 16:06:00.450563200,Smartwatch,Wearables,West,12,86721.87,68267.16,25,15244.75,Corporate,8233.01,10026.22
2025-03-03 14:01:39.123904880,Smartphone,Electronics,North,29,820753.47,633974.46,8,7274.12,Corporate,12735.61,179054.24
2025-03-04 11:57:17.797246560,Monitor,Electronics,North,2,37629.79,23002.08,10,44034.06,Returning,16977.35,2793.3
2025-03-05 09:52:56.470588232,Tablet,Electronics,South,12,325467.04,229356.02,5,18761.01,New,12535.23,86537.76
2025-03-06 07:48:35.143929912,Tablet,Electronics,South,4,108197.7,78416.93,15,32851.24,Returning,8379.8,22413.44
2025-03-07 05:44:13.817271592,Headphones,Accessories,South,28,127029.71,72492.86,10,39198.51,Returning,18309.33,33212.19
2025-03-08 03:39:52.490613264,Headphones,Accessories,South,21,90656.79,53027.68,8,10773.2,Returning,15858.36,23926.61
2025-03-09 01:35:31.163954944,Smartwatch,Wearables,South,23,184129.79,122296.11,15,40137.73,New,14424.91,46934.71
2025-03-09 23:31:09.837296616,Tablet,Electronics,West,22,537514.01,421070.05,10,47233.02,New,15197.23,102928.31
2025-03-10 21:26:48.510638296,Monitor,Electronics,East,20,318477.29,241145.21,10,37776.87,New,7881.81,67551.74
2025-03-11 19:22:27.183979976,Laptop,Electronics,West,24,1362837.86,1131509.91,10,24855.02,New,17969.48,212839.67
2025-03-12 17:18:05.857321648,Smartwatch,Wearables,West,1,15539.93,5388.18,8,44450.52,New,11525.01,-880.82
2025-03-13 15:13:44.530663328,Laptop,Electronics,East,26,1724863.65,1210800.38,5,28735.59,Corporate,10996.29,503805.82
2025-03-14 13:09:23.204005008,Smartphone,Electronics,West,23,566889.41,476695.45,20,38514.69,New,6294.15,85380.97
2025-03-15 11:05:01.877346680,Tablet,Electronics,North,23,631007.27,434326.46,0,41922.77,Returning,16130.42,178812.81
2025-03-16 09:00:40.550688360,Smartphone,Electronics,West,12,322238.08,257777.64,8,38720.88,Corporate,16258.62,44171.97
2025-03-17 06:56:19.224030040,Tablet,Electronics,South,25,589614.55,473806.19,15,17953.47,New,10486.61,110196.1
2025-03-18 04:51:57.897371712,Headphones,Accessories,East,12,55503.89,31445.72,5,10302.98,Returning,21916.7,9609.22
2025-03-19 02:47:36.570713392,Smartphone,Electronics,North,2,54258.43,43777.54,15,15725.23,Returning,21600.07,-9776.92
2025-03-20 00:43:15.244055064,Headphones,Accessories,North,28,118492.77,73367.03,15,27629.37,New,5399.19,35754.57
2025-03-20 22:38:53.917396744,Smartwatch,Wearables,West,8,69515.12,45162.39,15,27737.46,Returning,18290.84,3742.3
2025-03-21 20:34:32.590738424,Tablet,Electronics,South,4,102141.17,73982.04,8,31219.0,Corporate,11664.36,18022.11
2025-03-22 18:30:11.264080096,Smartwatch,Wearables,North,19,179563.69,102607.58,0,22779.58,Returning,24993.73,55985.73
2025-03-23 16:25:49.937421776,Monitor,Electronics,East,8,122913.44,91247.44,25,40410.11,Corporate,7950.52,20076.8
2025-03-24 14:21:28.610763456,Monitor,Electronics,North,26,440217.3,317059.54,8,46091.92,Corporate,9171.53,113613.23
2025-03-25 12:17:07.284105128,Tablet,Electronics,South,14,300495.68,279565.99,20,16102.63,New,12726.34,8791.15
2025-03-26 10:12:45.957446808,Smartwatch,Wearables,East,1,16706.56,5405.04,5,38143.54,Returning,8911.73,4983.52
2025-03-27 08:08:24.630788488,Smartphone,Electronics,East,29,886168.32,591903.65,5,35508.73,Returning,18223.85,275010.02
2025-03-28 06:04:03.304130160,Headphones,Accessories,South,16,66723.9,41021.71,20,28539.07,Returning,13579.98,7430.76
2025-03-29 03:59:41.977471840,Laptop,Electronics,South,8,400140.96,377809.95,25,13483.86,Returning,7859.33,16335.27
2025-03-30 01:55:20.650813512,Headphones,Accessories,West,21,81437.52,55477.56,20,40785.45,Returning,14140.23,15194.11
2025-03-30 23:50:59.324155192,Monitor,Electronics,North,16,252453.43,193629.82,20,48228.18,Corporate,22553.33,36022.5
2025-03-31 21:46:37.997496872,Headphones,Accessories,North,1,8263.68,2715.76,5,37482.63,New,20432.7,-13669.06
2025-04-01 19:42:16.670838544,Laptop,Electronics,North,23,1072651.67,1054338.12,25,46303.7,Returning,13974.24,2915.84
2025-04-02 17:37:55.344180224,Smartwatch,Wearables,West,13,111067.76,73691.64,15,49288.34,New,9346.84,25491.97
2025-04-03 15:33:34.017521904,Monitor,Electronics,South,21,388490.35,250969.97,5,20842.28,Returning,6957.5,133642.16
2025-04-04 13:29:12.690863576,Monitor,Electronics,North,27,497704.66,314532.04,5,33720.06,Returning,22324.42,162010.69
2025-04-05 11:24:51.364205256,Smartphone,Electronics,North,19,452753.21,415255.87,20,26326.97,Returning,18623.67,20344.78
2025-04-06 09:20:30.037546936,Headphones,Accessories,North,21,87780.42,52592.84,8,49398.29,Returning,15587.59,24106.33
2025-04-07 07:16:08.710888608,Smartwatch,Wearables,West,8,62763.26,45586.37,20,9221.35,Returning,22347.56,-8335.2
2025-04-08 05:11:47.384230288,Smartphone,Electronics,South,8,246706.88,171828.28,5,23556.87,New,5677.19,67545.33
2025-04-09 03:07:26.057571960,Smartphone,Electronics,North,13,373780.74,284338.41,8,44399.26,New,18014.76,71901.36
2025-04-10 01:03:04.730913640,Smartphone,Electronics,North,26,741106.52,547014.5,8,17782.31,New,7767.67,184631.41
2025-04-10 22:58:43.404255320,Monitor,Electronics,East,16,277818.58,186689.4,8,40450.68,Corporate,5652.7,87825.89
2025-04-11 20:54:22.077596992,Tablet,Electronics,East,11,267864.36,219485.14,15,22225.24,New,13243.39,34573.63
2025-04-12 18:50:00.750938672,Monitor,Electronics,West,24,320250.23,292841.34,25,49099.03,Corporate,11522.64,12908.64
2025-04-13 16:45:39.424280352,Tablet,Electronics,North,26,530631.68,502335.85,25,44758.84,New,23705.82,4787.33
2025-04-14 14:41:18.097622024,Monitor,Electronics,North,28,419593.76,341550.01,15,18559.42,Returning,10127.55,68427.22
2025-04-15 12:36:56.770963704,Laptop,Electronics,North,9,591973.12,411422.92,5,39658.69,Returning,20927.85,162426.39
2025-04-16 10:32:35.444305384,Monitor,Electronics,South,22,290232.79,263699.34,25,20158.54,Returning,19474.19,8238.68
2025-04-17 08:28:14.117647056,Laptop,Electronics,East,18,1004387.14,873163.05,12,32286.33,Returning,17694.33,114913.2
2025-04-18 06:23:52.790988736,Headphones,Accessories,East,14,60427.49,35874.92,12,34631.63,Returning,23248.81,2264.64
2025-04-19 04:19:31.464330408,Smartwatch,Wearables,North,12,95924.97,66849.85,15,42331.79,Corporate,11974.34,16536.11
2025-04-20 02:15:10.137672088,Headphones,Accessories,East,4,14490.26,10910.89,20,6100.29,Returning,11572.77,-10142.05
2025-04-21 00:10:48.811013768,Laptop,Electronics,East,9,449811.45,433760.68,25,14907.11,New,6540.84,10376.44
2025-04-21 22:06:27.484355440,Smartphone,Electronics,North,17,453945.64,370817.29,12,37036.3,New,9066.77,73062.21
2025-04-22 20:02:06.157697120,Tablet,Electronics,East,27,691584.59,515654.03,12,30358.55,Returning,22355.08,158644.95
2025-04-23 17:57:44.831038800,Smartphone,Electronics,South,26,713920.91,573109.19,15,27302.23,Returning,13436.41,131401.86
2025-04-24 15:53:23.504380472,Smartphone,Electronics,North,6,161180.75,121622.33,8,7484.45,Returning,10509.77,30947.16
2025-04-25 13:49:02.177722152,Monitor,Electronics,South,21,375114.11,249948.29,8,20672.41,Returning,7754.47,118546.76
2025-04-26 11:44:40.851063832,Laptop,Electronics,West,3,188597.46,140109.0,15,43929.51,New,13669.13,34555.46
2025-04-27 09:40:19.524405504,Monitor,Electronics,East,21,400481.62,256925.29,0,6390.18,Returning,18766.64,121006.33
2025-04-28 07:35:58.197747184,Monitor,Electronics,South,11,190632.48,136019.82,8,22839.63,Returning,9307.22,44656.92
2025-04-29 05:31:36.871088856,Smartwatch,Wearables,West,14,123701.01,79925.66,15,47531.67,Returning,19669.76,24409.79
2025-04-30 03:27:15.544430536,Laptop,Electronics,South,22,1105257.63,1042657.0,25,7289.63,Returning,16855.33,46433.67
2025-05-01 01:22:54.217772216,Laptop,Electronics,South,13,774944.02,603984.79,12,38736.76,Corporate,20326.38,152041.46
2025-05-01 23:18:32.891113888,Smartphone,Electronics,North,25,638522.14,525542.11,10,16592.57,Returning,8520.01,107224.01
2025-05-02 21:14:11.564455568,Smartwatch,Wearables,West,17,155534.51,94948.22,10,43997.4,Corporate,16882.62,41627.2
2025-05-03 19:09:50.237797248,Laptop,Electronics,West,30,1700507.19,1336659.73,15,38573.06,New,6382.18,355416.05
2025-05-04 17:05:28.911138920,Headphones,Accessories,North,20,92305.54,52215.9,12,44856.73,Returning,11003.53,33438.68
2025-05-05 15:01:07.584480600,Laptop,Electronics,East,9,584870.37,436193.49,0,14716.62,Returning,18935.92,132053.9
2025-05-06 12:56:46.257822280,Smartwatch,Wearables,West,24,183586.12,136722.6,12,28908.17,Returning,16896.7,28794.5
2025-05-07 10:52:24.931163952,Laptop,Electronics,East,13,777321.32,626390.91,10,40067.15,New,7132.94,143475.84
2025-05-08 08:48:03.604505632,Tablet,Electronics,North,17,411751.21,324843.09,15,16056.49,Returning,21883.54,64716.44
2025-05-09 06:43:42.277847304,Laptop,Electronics,West,5,248103.98,234677.97,25,15383.58,New,4173.72,9347.01
2025-05-10 04:39:20.951188984,Smartphone,Electronics,South,4,89698.91,80081.26,25,6223.2,Corporate,16094.75,-5059.05
2025-05-11 02:34:59.624530664,Smartphone,Electronics,South,18,469118.2,373577.32,12,48133.19,New,24644.05,78501.81
2025-05-12 00:30:38.297872336,Tablet,Electronics,South,6,164113.91,115623.43,8,36950.76,New,14693.1,34366.65
2025-05-12 22:26:16.971214016,Laptop,Electronics,West,30,1749780.97,1369631.33,10,33600.22,Returning,20614.78,361522.66
2025-05-13 20:21:55.644555696,Headphones,Accessories,East,26,129544.41,64679.0,5,38479.76,New,16093.98,43712.0
2025-05-14 18:17:34.317897368,Smartwatch,Wearables,East,22,149488.11,125097.45,25,28922.58,New,20227.94,2708.02
2025-05-15 16:13:12.991239048,Smartwatch,Wearables,West,23,169807.68,127506.92,20,26426.02,Returning,17423.07,28564.14
2025-05-16 14:08:51.664580728,Tablet,Electronics,West,18,400105.91,344827.62,20,25228.95,Returning,18204.9,38280.33
2025-05-17 12:04:30.337922400,Tablet,Electronics,West,2,55951.87,37673.95,8,33819.76,New,8011.85,-2901.27
2025-05-18 10:00:09.011264080,Headphones,Accessories,West,12,51905.38,31438.48,8,14069.07,Returning,19320.06,3168.91
2025-05-19 07:55:47.684605752,Tablet,Electronics,West,15,350966.03,288004.02,20,44962.64,Returning,8234.02,60482.49
2025-05-20 05:51:26.357947432,Smartphone,Electronics,West,28,800046.8,586470.29,12,41528.86,Returning,24574.09,183014.7
2025-05-21 03:47:05.031289112,Monitor,Electronics,East,7,109077.98,83832.53,15,20730.36,New,8011.32,21792.3
2025-05-22 01:42:43.704630784,Smartwatch,Wearables,North,15,131309.62,79567.94,10,31037.42,New,8207.05,35218.77
2025-05-22 23:38:22.377972464,Tablet,Electronics,North,11,263946.52,221184.35,10,11346.23,Corporate,21890.81,23685.36
2025-05-23 21:34:01.051314144,Monitor,Electronics,West,5,84282.21,56852.26,15,48755.58,Returning,8345.69,19058.32
2025-05-24 19:29:39.724655816,Tablet,Electronics,South,4,100790.85,76900.75,20,45630.17,New,10939.86,5900.33
2025-05-25 17:25:18.397997496,Monitor,Electronics,West,11,182870.18,126855.95,8,46485.39,Corporate,18722.08,38630.56
2025-05-26 15:20:57.071339176,Smartwatch,Wearables,West,3,25435.47,16779.81,20,19947.34,New,6492.47,5615.71
2025-05-27 13:16:35.744680848,Laptop,Electronics,East,3,193861.32,137314.43,5,12611.06,Returning,6499.58,51138.97
2025-05-28 11:12:14.418022528,Headphones,Accessories,West,11,49687.75,29743.58,10,14529.75,Returning,13699.89,7998.77
2025-05-29 09:07:53.091364200,Smartphone,Electronics,South,7,161425.02,145476.49,25,9050.06,Corporate,8361.33,6352.18
2025-05-30 07:03:31.764705880,Monitor,Electronics,South,17,236830.13,204762.31,25,10404.98,Corporate,8184.48,18299.18
2025-05-31 04:59:10.438047560,Smartphone,Electronics,West,1,23760.77,20472.65,25,8208.7,New,3203.26,2160.46
2025-06-01 02:54:49.111389232,Smartphone,Electronics,West,10,272865.1,199907.53,8,49542.04,Returning,11149.89,67056.94
2025-06-02 00:50:27.784730912,Smartphone,Electronics,North,14,322453.92,291182.14,20,8332.6,New,10001.51,24659.0
2025-06-02 22:46:06.458072592,Smartwatch,Wearables,West,29,203347.75,162410.42,25,10964.39,Returning,3685.43,31288.27
2025-06-03 20:41:45.131414264,Smartwatch,Wearables,South,20,153663.37,111148.55,25,42226.46,Returning,16667.13,21303.01
2025-06-04 18:37:23.804755944,Monitor,Electronics,West,27,466580.9,335579.57,0,31110.81,New,16786.41,111677.01
2025-06-05 16:33:02.478097624,Headphones,Accessories,East,11,47109.17,29303.84,15,39848.77,New,4557.61,8468.8
2025-06-06 14:28:41.151439296,Smartphone,Electronics,East,14,338269.55,308572.69,25,33391.04,New,9974.91,19854.52
2025-06-07 12:24:19.824780976,Laptop,Electronics,North,13,719614.5,595931.46,20,44697.88,New,22201.72,102661.57
2025-06-08 10:19:58.498122648,Laptop,Electronics,South,27,1701269.11,1300124.77,5,33731.04,New,15807.68,381045.9
2025-06-09 08:15:37.171464328,Headphones,Accessories,East,29,112464.6,76110.52,20,28495.63,Corporate,12063.44,26622.02
2025-06-10 06:11:15.844806008,Monitor,Electronics,West,29,545379.14,348370.37,0,37073.74,Returning,13232.24,185579.84
2025-06-11 04:06:54.518147680,Smartwatch,Wearables,North,23,204640.1,134575.44,10,25132.67,Returning,7582.16,60838.02
2025-06-12 02:02:33.191489360,Monitor,Electronics,North,16,238232.22,193006.99,15,20572.87,Corporate,20861.39,23846.27
2025-06-12 23:58:11.864831040,Laptop,Electronics,East,17,1071357.44,827329.87,10,26044.36,Returning,23108.1,215070.07
2025-06-13 21:53:50.538172712,Laptop,Electronics,South,30,1566075.78,1435695.33,15,12637.13,New,23034.61,106349.05
2025-06-14 19:49:29.211514392,Monitor,Electronics,West,9,173844.07,102936.01,5,40845.73,Corporate,7926.56,63003.65
2025-06-15 17:45:07.884856072,Laptop,Electronics,North,11,602967.7,525066.33,12,16731.67,Returning,9836.29,68571.33
2025-06-16 15:40:46.558197744,Laptop,Electronics,South,27,1445409.28,1261618.12,15,11908.92,Returning,6533.7,178394.09
2025-06-17 13:36:25.231539424,Headphones,Accessories,North,12,45431.66,32631.68,15,16085.85,Corporate,9758.42,3774.28
2025-06-18 11:32:03.904881096,Monitor,Electronics,East,8,142957.27,97956.15,8,42893.16,Returning,10321.72,33886.36
2025-06-19 09:27:42.578222776,Tablet,Electronics,West,17,436310.31,315438.2,8,19859.06,Returning,16928.33,104802.37
2025-06-20 07:23:21.251564456,Laptop,Electronics,North,10,586380.63,450867.25,8,35872.24,Corporate,7172.22,131347.25
2025-06-21 05:18:59.924906128,Monitor,Electronics,South,27,446957.84,306954.84,10,43538.43,Returning,23226.73,116489.77
2025-06-22 03:14:38.598247808,Monitor,Electronics,West,28,443199.38,332415.3,12,8498.51,Corporate,5268.19,106468.68
2025-06-23 01:10:17.271589488,Tablet,Electronics,North,10,274861.96,185100.51,8,39426.1,New,3151.32,86051.62
2025-06-23 23:05:55.944931160,Monitor,Electronics,West,16,280575.55,194331.68,10,18844.95,New,21808.79,62494.8
2025-06-24 21:01:34.618272840,Smartphone,Electronics,West,30,858313.63,633298.59,8,14748.01,Returning,18482.94,208100.74
2025-06-25 18:57:13.291614520,Monitor,Electronics,North,23,380356.42,282417.72,5,36000.57,New,10817.92,85455.1
2025-06-26 16:52:51.964956192,Smartphone,Electronics,North,7,186569.24,143763.0,15,45940.85,Corporate,16100.99,27863.69
2025-06-27 14:48:30.638297872,Tablet,Electronics,East,18,435778.67,348425.64,20,18275.86,New,7917.97,79519.82
2025-06-28 12:44:09.311639544,Smartwatch,Wearables,North,19,153352.54,101964.52,8,30597.52,Returning,6704.57,43771.64
2025-06-29 10:39:47.984981224,Tablet,Electronics,East,20,448839.8,401261.33,20,18042.54,New,13365.28,33228.76
2025-06-30 08:35:26.658322904,Smartwatch,Wearables,North,1,15627.97,5398.65,12,29942.85,Corporate,10770.13,-2065.18
2025-07-01 06:31:05.331664576,Smartwatch,Wearables,East,9,90147.35,48223.06,5,32983.79,New,16535.06,20451.82
2025-07-02 04:26:44.005006256,Smartwatch,Wearables,South,26,218449.94,140800.87,8,32465.09,New,7799.28,70998.47
2025-07-03 02:22:22.678347936,Tablet,Electronics,East,8,240312.66,159293.11,0,33059.59,New,17584.41,64129.78
2025-07-04 00:18:01.351689608,Tablet,Electronics,West,9,255261.6,167025.9,0,11078.59,Returning,19870.95,70913.76
2025-07-04 22:13:40.025031288,Laptop,Electronics,South,10,635390.45,473355.21,8,36209.32,Corporate,6666.0,153774.88
2025-07-05 20:09:18.698372968,Tablet,Electronics,East,6,152542.7,118773.73,10,35363.77,Corporate,3964.88,35490.24
2025-07-06 18:04:57.371714640,Smartwatch,Wearables,East,5,43942.18,28600.52,20,35716.47,New,12670.92,1531.53
2025-07-07 16:00:36.045056320,Smartphone,Electronics,West,11,323340.32,223840.41,5,8333.17,Returning,20028.53,76846.05
2025-07-08 13:56:14.718397992,Smartwatch,Wearables,North,27,192839.89,144055.43,20,25107.75,New,17317.16,28486.26
2025-07-09 11:51:53.391739672,Monitor,Electronics,North,1,22377.82,11819.18,5,23406.58,Returning,18441.4,-13084.53
2025-07-10 09:47:32.065081352,Monitor,Electronics,South,9,153303.14,103738.97,5,8902.02,Returning,11862.47,42299.58
2025-07-11 07:43:10.738423024,Monitor,Electronics,East,2,36040.45,24233.47,15,15006.56,New,8168.8,7751.38
2025-07-12 05:38:49.411764704,Headphones,Accessories,West,17,67697.43,43734.15,20,24843.32,Returning,14699.13,11066.39
2025-07-13 03:34:28.085106384,Tablet,Electronics,South,8,206665.58,153777.21,12,38430.78,Corporate,7496.05,42704.05
2025-07-14 01:30:06.758448056,Headphones,Accessories,North,24,114943.36,60218.87,0,15667.79,New,18977.03,41181.26
2025-07-14 23:25:45.431789736,Tablet,Electronics,East,18,499661.56,350109.13,0,42338.75,New,7333.26,141164.01
2025-07-15 21:21:24.105131416,Smartwatch,Wearables,East,24,200515.97,129708.54,10,29560.92,New,9407.79,60592.56
2025-07-16 19:17:02.778473088,Smartphone,Electronics,South,20,531314.94,427517.4,10,39218.98,New,14143.99,93965.34
2025-07-17 17:12:41.451814768,Smartphone,Electronics,North,14,340824.58,281392.36,25,26265.02,New,13707.62,47701.33
2025-07-18 15:08:20.125156440,Laptop,Electronics,West,26,1643731.9,1274706.85,8,27463.74,Returning,16218.69,359409.67
2025-07-19 13:03:58.798498120,Laptop,Electronics,West,15,996542.71,714953.79,5,32887.37,New,12623.78,269711.31
2025-07-20 10:59:37.471839800,Headphones,Accessories,East,29,116751.67,73281.01,25,46758.68,Returning,23228.41,19051.15
2025-07-21 08:55:16.145181472,Headphones,Accessories,East,30,142354.97,74495.36,5,27131.57,Corporate,21478.55,44545.64
2025-07-22 06:50:54.818523152,Laptop,Electronics,South,18,1143874.92,828455.15,0,28789.59,Corporate,22340.5,287538.29
2025-07-23 04:46:33.491864832,Headphones,Accessories,South,21,96835.18,52907.07,10,32089.86,Returning,16849.36,26242.96
2025-07-24 02:42:12.165206504,Smartwatch,Wearables,North,8,71090.52,43382.99,10,38188.18,New,16970.17,14171.14
2025-07-25 00:37:50.838548184,Smartphone,Electronics,North,25,661132.4,544569.39,12,8233.27,New,16402.37,101957.14
2025-07-25 22:33:29.511889864,Headphones,Accessories,South,21,75490.57,55375.66,25,28205.93,New,12567.45,7608.38
2025-07-26 20:29:08.185231536,Headphones,Accessories,South,28,100715.85,70715.55,25,26671.62,Corporate,10086.33,16929.16
2025-07-27 18:24:46.858573216,Smartwatch,Wearables,North,9,86298.22,50504.54,8,46475.82,Corporate,16024.06,20450.24
2025-07-28 16:20:25.531914888,Headphones,Accessories,West,24,86068.14,61110.21,25,27207.8,New,3561.7,24434.67
2025-07-29 14:16:04.205256568,Tablet,Electronics,South,15,345240.71,303600.3,15,26074.42,New,3164.04,39768.53
2025-07-30 12:11:42.878598248,Smartphone,Electronics,East,6,191929.63,120112.74,0,48299.0,Returning,21736.12,50580.97
2025-07-31 10:07:21.551939920,Headphones,Accessories,South,6,29056.77,16023.81,25,25275.94,New,4021.33,6620.76
2025-08-01 08:03:00.225281600,Headphones,Accessories,South,17,76691.44,45581.29,5,13139.8,Corporate,14545.49,19166.2
2025-08-02 05:58:38.898623280,Smartphone,Electronics,West,10,269115.6,200910.42,12,14761.23,New,16529.73,42279.74
2025-08-03 03:54:17.571964952,Tablet,Electronics,East,4,91571.96,74744.21,20,9283.44,New,7359.77,10616.53
2025-08-04 01:49:56.245306632,Smartphone,Electronics,West,13,373191.54,269841.57,5,5025.57,Returning,22706.08,88354.85
2025-08-04 23:45:34.918648312,Smartphone,Electronics,South,20,539072.14,435462.5,8,24437.55,New,7182.11,91902.41
2025-08-05 21:41:13.591989984,Tablet,Electronics,South,10,269930.91,193914.84,10,39615.92,New,22459.33,52832.63
2025-08-06 19:36:52.265331664,Monitor,Electronics,South,29,387216.1,349870.63,25,38005.99,Corporate,19785.79,17535.95
2025-08-07 17:32:30.938673344,Tablet,Electronics,East,24,665129.98,476802.74,5,6446.71,New,8296.34,178643.14
2025-08-08 15:28:09.612015016,Monitor,Electronics,South,16,260374.67,196316.96,15,30649.23,Returning,6316.37,60850.47
2025-08-09 13:23:48.285356696,Monitor,Electronics,South,29,480713.13,343702.96,10,11942.74,Returning,9957.12,128470.41
2025-08-10 11:19:26.958698368,Headphones,Accessories,North,13,70242.6,33959.84,0,47348.43,New,11754.91,24984.75
2025-08-11 09:15:05.632040048,Tablet,Electronics,East,5,120164.99,98705.94,15,12531.42,New,8407.26,15443.61
2025-08-12 07:10:44.305381728,Smartphone,Electronics,East,2,56599.76,41006.04,20,33198.76,New,24975.61,-9331.64
2025-08-13 05:06:22.978723400,Headphones,Accessories,East,29,124317.78,78373.13,12,19680.73,New,8052.35,47431.89
2025-08-14 03:02:01.652065080,Smartwatch,Wearables,West,29,269311.92,154065.37,5,33870.26,New,21273.97,94426.62
2025-08-15 00:57:40.325406760,Monitor,Electronics,West,23,410195.71,264927.26,5,23551.64,Corporate,6500.59,139353.71
2025-08-15 22:53:18.998748432,Monitor,Electronics,West,4,78947.44,48946.55,10,39183.94,Returning,24565.38,304.11
2025-08-16 20:48:57.672090112,Headphones,Accessories,North,9,42123.12,23114.77,12,15380.56,Corporate,7961.52,9416.49
2025-08-17 18:44:36.345431792,Smartwatch,Wearables,West,2,25515.67,10769.21,12,45760.63,Returning,12277.15,5911.44
2025-08-18 16:40:15.018773464,Smartphone,Electronics,South,2,62831.45,40684.37,5,27509.43,Returning,15288.41,2852.3
2025-08-19 14:35:53.692115144,Tablet,Electronics,South,8,210017.12,155035.37,12,39024.19,Returning,5646.29,42862.79
2025-08-20 12:31:32.365456816,Smartwatch,Wearables,South,18,162439.38,103917.05,8,43237.86,New,20970.04,37649.23
2025-08-21 10:27:11.038798496,Smartwatch,Wearables,South,2,29176.85,10680.85,15,49947.29,New,9043.08,13565.15
2025-08-22 08:22:49.712140176,Tablet,Electronics,West,30,673122.59,552386.67,20,15077.55,Returning,15083.94,105779.12
2025-08-23 06:18:28.385481848,Smartwatch,Wearables,East,14,114175.69,77847.89,15,17910.16,Returning,15091.94,20227.48
2025-08-24 04:14:07.058823528,Laptop,Electronics,West,8,498206.07,391479.66,0,16269.49,Returning,16258.09,84892.86
2025-08-25 02:09:45.732165208,Smartphone,Electronics,West,16,354127.22,328574.73,25,16829.21,New,4220.69,22688.56
2025-08-26 00:05:24.405506880,Smartphone,Electronics,South,24,767479.23,527142.2,0,31210.01,Corporate,6709.61,235611.25
2025-08-26 22:01:03.078848560,Tablet,Electronics,East,10,221879.05,200690.0,25,49708.51,New,6546.23,9297.63
2025-08-27 19:56:41.752190240,Laptop,Electronics,East,2,134395.15,91570.14,0,49562.51,Corporate,9645.13,36583.48
2025-08-28 17:52:20.425531912,Smartphone,Electronics,South,2,55975.31,43331.18,12,28704.8,Corporate,6188.11,8753.1
2025-08-29 15:47:59.098873592,Smartwatch,Wearables,East,26,244513.15,147776.56,0,33756.22,Corporate,23282.27,76851.26
2025-08-30 13:43:37.772215264,Tablet,Electronics,East,4,129215.87,77371.36,0,43698.67,Returning,14285.0,39310.08
2025-08-31 11:39:16.445556944,Smartwatch,Wearables,West,20,173515.7,110739.74,15,46982.01,New,16718.65,48018.35
2025-09-01 09:34:55.118898624,Monitor,Electronics,West,12,176657.58,147057.81,15,14173.73,Returning,10864.74,20297.19
2025-09-02 07:30:33.792240296,Monitor,Electronics,East,24,445510.31,293476.28,0,28784.38,Returning,9077.42,145562.04
2025-09-03 05:26:12.465581976,Laptop,Electronics,West,2,110489.22,96004.92,25,42477.67,Returning,14069.9,-5041.87
2025-09-04 03:21:51.138923656,Monitor,Electronics,North,27,462247.03,336742.06,8,18644.09,New,9475.11,111526.69
2025-09-05 01:17:29.812265328,Smartwatch,Wearables,West,21,179031.44,116928.21,8,24791.41,New,10560.21,49334.99
2025-09-05 23:13:08.485607008,Smartwatch,Wearables,South,14,125821.47,80517.68,8,49352.95,New,12960.52,31953.81
2025-09-06 21:08:47.158948688,Laptop,Electronics,South,7,420955.54,339474.79,10,49327.1,Returning,14126.14,68519.02
2025-09-07 19:04:25.832290360,Smartwatch,Wearables,West,30,271646.76,162572.23,5,45774.81,Returning,24654.91,85393.67
2025-09-08 17:00:04.505632040,Tablet,Electronics,South,10,262186.82,184352.72,10,40930.18,Corporate,7913.1,73272.32
2025-09-09 14:55:43.178973712,Smartwatch,Wearables,West,15,133572.6,82902.74,5,17110.87,Returning,13735.48,40379.87
2025-09-10 12:51:21.852315392,Laptop,Electronics,South,12,827985.51,581634.33,0,19438.25,Returning,6289.26,237444.77
2025-09-11 10:47:00.525657072,Smartwatch,Wearables,South,7,69018.92,38236.24,8,29627.73,New,10699.98,20798.43
2025-09-12 08:42:39.198998744,Monitor,Electronics,South,13,202907.82,157528.96,15,30234.98,Returning,18780.84,24054.53
2025-09-13 06:38:17.872340424,Tablet,Electronics,South,5,123061.53,91840.98,20,27747.63,New,6838.17,23817.64
2025-09-14 04:33:56.545682104,Laptop,Electronics,West,1,71470.07,46123.11,8,33650.16,New,15789.73,10522.61
2025-09-15 02:29:35.219023776,Monitor,Electronics,North,9,149556.85,108155.1,8,23374.54,New,12167.42,19008.18
2025-09-16 00:25:13.892365456,Monitor,Electronics,East,4,67072.96,45760.61,20,38712.84,New,4134.75,24411.34
2025-09-16 22:20:52.565707136,Smartphone,Electronics,West,13,329653.59,283827.37,15,20009.75,New,23527.66,23997.79
2025-09-17 20:16:31.239048808,Tablet,Electronics,South,26,612694.19,485053.95,20,19880.46,Returning,12099.27,113753.86
2025-09-18 18:12:09.912390488,Headphones,Accessories,East,5,18950.03,13584.78,25,10725.17,New,20246.38,-9099.02
2025-09-19 16:07:48.585732160,Smartwatch,Wearables,South,1,10807.35,5421.75,20,13492.05,New,12158.9,-7815.58
2025-09-20 14:03:27.259073840,Headphones,Accessories,North,4,19305.29,10956.03,25,43273.44,New,23621.93,-14875.11
2025-09-21 11:59:05.932415520,Tablet,Electronics,East,16,412869.43,312357.99,10,25082.71,Returning,9390.35,89659.74
2025-09-22 09:54:44.605757192,Monitor,Electronics,West,9,159735.87,102475.82,10,15254.05,Returning,12069.07,50146.96
2025-09-23 07:50:23.279098872,Tablet,Electronics,East,15,387779.66,277201.73,8,39170.35,New,19695.01,90567.96
2025-09-24 05:46:01.952440552,Monitor,Electronics,South,1,26287.08,11375.01,5,29929.15,New,10560.68,4799.84
2025-09-25 03:41:40.625782224,Monitor,Electronics,North,10,166281.73,119867.93,15,5952.02,Corporate,11015.86,39009.3
2025-09-26 01:37:19.299123904,Laptop,Electronics,West,13,765546.07,627234.8,15,19236.27,Returning,24886.11,115180.58
2025-09-26 23:32:57.972465584,Smartphone,Electronics,West,13,303938.36,270350.88,20,12965.06,Returning,15223.52,18200.91
2025-09-27 21:28:36.645807256,Tablet,Electronics,West,17,485360.09,326628.19,5,34514.28,Returning,18166.37,143896.71
2025-09-28 19:24:15.319148936,Smartwatch,Wearables,South,24,187983.92,135115.74,10,17376.4,Corporate,17156.17,43327.46
2025-09-29 17:19:53.992490608,Laptop,Electronics,East,15,923089.88,704319.45,5,7922.61,Corporate,21214.33,198508.33
2025-09-30 15:15:32.665832288,Laptop,Electronics,South,26,1347985.38,1239683.35,25,7472.07,New,21960.15,86692.15
2025-10-01 13:11:11.339173968,Smartwatch,Wearables,North,16,143005.09,89028.1,8,31177.73,Returning,15391.63,39097.23
2025-10-02 11:06:50.012515640,Smartwatch,Wearables,North,8,70677.33,45594.67,5,5977.56,New,9480.23,19533.71
2025-10-03 09:02:28.685857320,Smartphone,Electronics,South,7,188071.93,154310.47,12,43195.65,Returning,3501.61,28462.26
2025-10-04 06:58:07.359199000,Smartphone,Electronics,East,10,239833.42,206856.25,25,11992.87,New,16516.87,15625.34
2025-10-05 04:53:46.032540672,Laptop,Electronics,North,18,919887.57,801309.03,25,32295.49,New,21160.31,92805.89
2025-10-06 02:49:24.705882352,Smartwatch,Wearables,East,8,77739.41,42968.79,0,25010.96,Corporate,12911.88,18307.14
2025-10-07 00:45:03.379224032,Laptop,Electronics,South,28,1788117.12,1317412.5,8,24928.32,Corporate,6623.54,462527.68
2025-10-07 22:40:42.052565704,Smartwatch,Wearables,West,15,126840.1,82396.44,5,8230.87,New,9337.81,34938.05
2025-10-08 20:36:20.725907384,Headphones,Accessories,South,26,113465.85,70845.72,8,41123.85,Corporate,14219.76,33707.62
2025-10-09 18:31:59.399249056,Headphones,Accessories,North,21,92686.0,55508.53,12,45187.36,New,21406.99,17378.46
2025-10-10 16:27:38.072590736,Tablet,Electronics,South,11,306521.54,212952.59,8,5495.75,Returning,6778.57,84054.15
2025-10-11 14:23:16.745932416,Smartwatch,Wearables,West,7,64548.68,40224.14,0,13037.19,Corporate,16467.3,5673.3
2025-10-12 12:18:55.419274088,Tablet,Electronics,South,23,566118.37,433632.7,12,45675.69,New,19574.11,117035.81
2025-10-13 10:14:34.092615768,Tablet,Electronics,East,10,277415.65,199377.35,0,29727.21,Returning,23593.05,57825.09
2025-10-14 08:10:12.765957448,Monitor,Electronics,West,8,148408.46,90317.09,5,11751.78,Returning,5567.48,52608.33
2025-10-15 06:05:51.439299120,Tablet,Electronics,South,28,765355.96,547434.07,0,14125.57,New,23380.62,193213.7
2025-10-16 04:01:30.112640800,Smartwatch,Wearables,East,15,144109.38,87338.92,0,34699.38,Returning,16232.29,43912.97
2025-10-17 01:57:08.785982480,Headphones,Accessories,North,2,13794.63,5370.26,10,37616.76,New,19867.43,-14423.05
2025-10-17 23:52:47.459324152,Smartphone,Electronics,South,15,345683.97,326139.48,20,31974.21,Returning,4183.04,16537.54
2025-10-18 21:48:26.132665832,Smartwatch,Wearables,South,14,114725.33,77315.01,20,47891.68,New,14135.26,30093.04
2025-10-19 19:44:04.806007504,Laptop,Electronics,East,26,1715367.76,1256253.39,0,27232.86,New,16697.85,443032.58
2025-10-20 17:39:43.479349184,Monitor,Electronics,West,22,422070.72,262688.54,0,18512.24,Returning,9750.34,147305.01
2025-10-21 15:35:22.152690864,Monitor,Electronics,South,6,101568.69,72124.95,8,26475.48,New,12496.3,18178.54
2025-10-22 13:31:00.826032536,Laptop,Electronics,South,5,279277.49,223678.62,15,21184.98,Returning,15194.56,38994.29
2025-10-23 11:26:39.499374216,Tablet,Electronics,West,19,438737.57,356124.56,15,15098.72,Returning,15156.05,63274.61
2025-10-24 09:22:18.172715896,Laptop,Electronics,South,2,109864.27,94077.03,20,7068.35,Returning,3920.95,13969.4
2025-10-25 07:17:56.846057568,Tablet,Electronics,East,10,272981.49,184676.04,8,20849.56,New,12668.6,78990.36
2025-10-26 05:13:35.519399248,Laptop,Electronics,East,5,300970.14,239649.86,5,37013.42,Corporate,7704.0,52683.56
2025-10-27 03:09:14.192740928,Headphones,Accessories,North,1,6037.46,2698.75,0,5829.7,Returning,23167.29,-20960.29
2025-10-28 01:04:52.866082600,Smartwatch,Wearables,West,28,259837.87,162807.74,5,24763.03,New,24484.76,69660.67
2025-10-28 23:00:31.539424280,Tablet,Electronics,South,3,82721.0,55651.85,0,33980.42,Returning,9592.23,17027.11
2025-10-29 20:56:10.212765952,Headphones,Accessories,East,1,6888.48,2724.77,20,32468.18,Returning,6854.08,-4377.47
2025-10-30 18:51:48.886107632,Monitor,Electronics,South,28,479667.79,318257.31,8,39949.18,Returning,7829.09,150548.29
2025-10-31 16:47:27.559449312,Tablet,Electronics,West,6,138133.12,115619.26,20,41473.39,Returning,13510.55,14679.81
2025-11-01 14:43:06.232790984,Smartphone,Electronics,East,25,654461.36,542863.18,12,37026.76,Returning,22239.12,90758.53
2025-11-02 12:38:44.906132664,Tablet,Electronics,North,1,27242.28,18489.84,12,9625.9,Corporate,14000.8,-3531.18
2025-11-03 10:34:23.579474344,Tablet,Electronics,North,5,125483.98,91946.11,10,26376.01,Returning,4218.63,31969.44
2025-11-04 08:30:02.252816016,Headphones,Accessories,West,4,21627.14,9944.05,20,32153.27,Corporate,3877.48,10118.72
2025-11-05 06:25:40.926157696,Tablet,Electronics,East,22,642086.29,425519.03,0,16050.47,Returning,8002.6,207325.32
2025-11-06 04:21:19.599499376,Monitor,Electronics,South,19,350136.45,232753.36,0,6914.83,Corporate,21540.97,96659.78
2025-11-07 02:16:58.272841048,Tablet,Electronics,North,15,364430.83,279002.82,10,15061.56,Corporate,16672.57,67948.34
2025-11-08 00:12:36.946182728,Tablet,Electronics,North,8,218655.28,148757.98,10,25470.25,New,15385.07,55827.62
2025-11-08 22:08:15.619524400,Smartwatch,Wearables,West,3,29465.29,16854.75,12,23626.86,New,10017.33,3618.28
2025-11-09 20:03:54.292866080,Smartphone,Electronics,West,18,482485.21,367956.37,15,12950.01,Returning,23447.36,89933.5
2025-11-10 17:59:32.966207760,Tablet,Electronics,South,7,177826.43,138353.41,12,42098.7,Returning,10285.92,25199.2
2025-11-11 15:55:11.639549432,Headphones,Accessories,North,18,87275.32,49092.39,8,46655.9,Returning,21368.78,17252.87
2025-11-12 13:50:50.312891112,Smartwatch,Wearables,South,21,171224.66,120297.38,8,14060.67,Returning,22709.88,27604.59
2025-11-13 11:46:28.986232792,Smartphone,Electronics,North,26,616894.01,566593.78,20,46830.78,Corporate,13633.37,30995.74
2025-11-14 09:42:07.659574464,Smartphone,Electronics,East,15,432310.21,315616.96,5,5803.74,Returning,22674.36,95541.87
2025-11-15 07:37:46.332916144,Laptop,Electronics,East,1,66638.37,48355.25,12,46623.31,Returning,9089.67,12089.47
2025-11-16 05:33:25.006257824,Monitor,Electronics,West,9,151549.81,103529.6,12,47836.8,New,17485.54,38119.74
2025-11-17 03:29:03.679599496,Laptop,Electronics,South,26,1409088.47,1164276.57,20,5542.33,Returning,4935.2,238703.11
2025-11-18 01:24:42.352941176,Laptop,Electronics,North,16,941234.77,760477.77,15,39335.87,New,13426.55,165714.31
2025-11-18 23:20:21.026282848,Monitor,Electronics,North,19,302732.12,215606.67,10,48659.07,Returning,7781.3,76015.89
2025-11-19 21:15:59.699624528,Smartwatch,Wearables,South,14,130533.41,81186.06,8,45765.6,Returning,4380.79,45592.48
2025-11-20 19:11:38.372966208,Headphones,Accessories,East,5,34417.82,13299.98,8,48681.96,Returning,3081.96,18642.84
2025-11-21 17:07:17.046307880,Tablet,Electronics,North,27,728361.31,545228.6,10,29764.56,Returning,10144.55,170554.28
2025-11-22 15:02:55.719649560,Headphones,Accessories,West,24,108905.01,61474.19,5,8517.03,New,15969.67,30936.37
2025-11-23 12:58:34.392991240,Laptop,Electronics,South,30,1724196.37,1402056.63,15,43240.51,New,13015.07,303188.68
2025-11-24 10:54:13.066332912,Tablet,Electronics,West,26,707563.51,514460.59,5,32622.27,New,9638.92,186243.12
2025-11-25 08:49:51.739674592,Smartphone,Electronics,South,9,244615.52,184138.52,15,32663.15,Corporate,24806.4,33358.56
2025-11-26 06:45:30.413016272,Smartwatch,Wearables,North,8,66329.69,44826.81,20,23776.41,Corporate,23669.55,-2270.65
2025-11-27 04:41:09.086357944,Monitor,Electronics,North,8,111672.8,96555.58,25,30732.89,New,5764.37,5072.77
2025-11-28 02:36:47.759699624,Monitor,Electronics,East,28,497670.84,348567.09,0,11911.09,New,12132.36,135224.33
2025-11-29 00:32:26.433041296,Headphones,Accessories,East,17,69431.6,45455.75,20,38289.65,Returning,17274.63,5862.44
2025-11-29 22:28:05.106382976,Tablet,Electronics,West,14,422529.03,260151.2,0,8375.78,Returning,19136.8,143207.16
2025-11-30 20:23:43.779724656,Smartwatch,Wearables,West,30,259278.62,166987.08,8,37840.13,New,11060.19,82670.55
2025-12-01 18:19:22.453066328,Headphones,Accessories,North,19,92524.3,50030.21,5,43204.03,New,19418.2,27393.11
2025-12-02 16:15:01.126408008,Laptop,Electronics,South,28,1835884.8,1264093.5,5,26261.09,Returning,5731.3,568258.13
2025-12-03 14:10:39.799749688,Headphones,Accessories,North,30,142857.04,77767.29,5,27942.37,New,10299.88,57676.37
2025-12-04 12:06:18.473091360,Smartwatch,Wearables,North,3,30799.47,16378.43,0,19049.64,New,18761.53,-2.17
2025-12-05 10:01:57.146433040,Monitor,Electronics,North,11,172854.45,125698.84,20,48625.64,New,16765.02,32099.71
2025-12-06 07:57:35.819774720,Laptop,Electronics,North,23,1597169.69,1077696.19,0,37990.6,Returning,21418.62,497944.75
2025-12-07 05:53:14.493116392,Tablet,Electronics,East,25,600597.22,466850.08,10,21604.48,Returning,4030.85,132743.63
2025-12-08 03:48:53.166458072,Monitor,Electronics,North,5,82102.36,59937.79,15,12866.33,New,6836.62,18546.98
2025-12-09 01:44:31.839799744,Monitor,Electronics,North,10,136244.26,114876.0,25,14881.08,Returning,4066.88,19247.08
2025-12-09 23:40:10.513141424,Headphones,Accessories,North,17,69917.12,45362.09,20,25876.5,Returning,7226.51,12964.63
2025-12-10 21:35:49.186483104,Laptop,Electronics,East,24,1506910.36,1088969.54,5,47415.58,Returning,3094.22,412322.22
2025-12-11 19:31:27.859824776,Smartphone,Electronics,East,4,97346.0,87328.79,25,38036.59,Corporate,14092.63,-4899.98
2025-12-12 17:27:06.533166456,Monitor,Electronics,West,19,280446.34,215025.6,15,14685.97,New,14622.92,53136.69
2025-12-13 15:22:45.206508136,Monitor,Electronics,North,9,158243.31,107155.2,5,43680.25,Corporate,17473.62,33550.45
2025-12-14 13:18:23.879849808,Smartwatch,Wearables,North,7,59807.99,38357.33,10,22019.02,Returning,11468.07,13393.2
2025-12-15 11:14:02.553191488,Laptop,Electronics,South,16,810660.34,728213.73,25,43327.5,Returning,3070.57,83321.75
2025-12-16 09:09:41.226533168,Laptop,Electronics,East,13,756166.44,606672.31,10,15876.48,New,17825.61,135266.04
2025-12-17 07:05:19.899874840,Headphones,Accessories,North,20,92257.65,53985.34,5,32839.73,New,4194.4,37694.53
2025-12-18 05:00:58.573216520,Smartwatch,Wearables,North,10,82137.02,58117.25,25,46700.17,New,22055.75,-1146.96
2025-12-19 02:56:37.246558192,Laptop,Electronics,South,25,1265775.92,1146980.09,25,16605.23,Corporate,3498.39,116745.35
2025-12-20 00:52:15.919899872,Tablet,Electronics,North,3,71097.57,55956.0,25,36181.7,Returning,14670.45,-1351.47
2025-12-20 22:47:54.593241552,Smartwatch,Wearables,South,26,200589.4,148273.8,25,49429.07,Returning,22688.19,24680.21
2025-12-21 20:43:33.266583224,Laptop,Electronics,West,1,53552.68,47183.75,20,11776.92,Returning,15594.77,-10088.26
2025-12-22 18:39:11.939924904,Laptop,Electronics,East,23,1424562.79,1044217.38,10,8978.1,New,16385.17,367934.45
2025-12-23 16:34:50.613266584,Headphones,Accessories,South,11,50550.79,29457.31,5,35338.78,New,17995.44,4480.26
2025-12-24 14:30:29.286608256,Tablet,Electronics,South,12,313863.87,232278.88,12,20288.12,Returning,5692.99,81945.42
2025-12-25 12:26:07.959949936,Tablet,Electronics,West,1,29648.04,19616.36,5,8206.0,Returning,17848.4,-7285.03
2025-12-26 10:21:46.633291616,Headphones,Accessories,East,22,97187.66,56612.32,10,26388.75,Returning,22367.81,25550.94
2025-12-27 08:17:25.306633288,Smartphone,Electronics,East,5,141854.83,104360.52,15,38919.68,Returning,24432.86,13594.01
2025-12-28 06:13:03.979974968,Monitor,Electronics,West,20,282375.38,230004.93,25,17830.51,Returning,12747.14,39690.75
2025-12-29 04:08:42.653316640,Headphones,Accessories,North,22,95672.78,58892.91,8,20077.11,Corporate,10579.11,22362.59
2025-12-30 02:04:21.326658320,Smartphone,Electronics,North,26,755305.2,527272.82,8,43056.47,New,19572.81,211791.26
2025-12-31 00:00:00.000000000,Headphones,Accessories,South,22,93507.27,59018.01,15,28403.24,Returning,14943.23,18039.65
